document_id,title,author,characters_before,characters_after,removed_characters,first_excerpt_before,first_excerpt_after,last_excerpt_before,last_excerpt_after,status,removed_blocks
usp_news_000001,A verdadeira face da cultura de inovação,Marcelo Caldeira Pedroso,6893,6484,409,"A cultura organizacional reflete o conjunto de valores, crenças, normas e comportamentos compartilhados pelos membros de uma organização. A cultura impacta sobremaneira a forma como as decisões são tomadas, as ações são executadas e os resultados são avaliados no contexto organizacional.

Uma cultura de inovação está associada a um ambiente organizacional que motiva os colaboradores a realizar novas ações (ou seja, inovações) visando impulsionar a evolução, o crescimento e a perpetuidade de uma ","A cultura organizacional reflete o conjunto de valores, crenças, normas e comportamentos compartilhados pelos membros de uma organização. A cultura impacta sobremaneira a forma como as decisões são tomadas, as ações são executadas e os resultados são avaliados no contexto organizacional.

Uma cultura de inovação está associada a um ambiente organizacional que motiva os colaboradores a realizar novas ações (ou seja, inovações) visando impulsionar a evolução, o crescimento e a perpetuidade de uma ","hierárquicas extremamente rígidas, excesso de burocracia e foco em resultados imediatistas.

\_\_\_\_\_\_\_\_\_\_\_\_\_\_\_\_
*(As opiniões expressas nos artigos publicados no **Jornal da USP** são de inteira responsabilidade de seus autores e não refletem opiniões do veículo nem posições institucionais da Universidade de São Paulo. Acesse aqui nossos [parâmetros editoriais para artigos de opinião](https://jornal.usp.br/noticias/parametros-editoriais-para-artigos-de-opiniao-no-jornal-da-usp/).)*","mem um papel essencial na inovação. Eles devem harmonizar segurança psicológica e [honestidade intelectual](https://sloanreview.mit.edu/article/why-innovation-depends-on-intellectual-honesty/). Ademais, eles devem suplantar alguns dos desafios para uma efetiva cultura inovadora, tais como mentalidade em silos (ou seja, departamentos e outras estruturas organizacionais que inibem a colaboração), estruturas hierárquicas extremamente rígidas, excesso de burocracia e foco em resultados imediatistas.",APROVADO,"[{""rule"": ""generic_opinion_notice"", ""reason"": ""aviso institucional genérico após o artigo"", ""text"": ""\\_\\_\\_\\_\\_\\_\\_\\_\\_\\_\\_\\_\\_\\_\\_\\_\n*(As opiniões expressas nos artigos publicados no **Jornal da USP** são de inteira responsabilidade de seus autores e não refletem opiniões do veículo nem posições institucionais da Universidade de São Paulo. Acesse aqui nossos [parâmetros editoriais para artigos de opinião](https://jornal.usp.br/noticias/parametros-editoriais-para-artigos-de-opiniao-no-jornal-da-usp/).)*""}]"
usp_news_000002,O primeiro passo na internacionalização da Com-Arte,,4597,4188,409,"Hugo Quinta – Foto: Arquivo pessoal

OMuseo de Antropologia da cidade de Córdoba, na Argentina, foi o palco da terceira edição da *Feria Internacional del Libro Universitario (FILU)*, ocorrida entre os dias 3 e 5 de junho de 2026. A FILU tem se consolidado como um foro dedicado a refletir sobre a edição universitária em nível continental. Na feira deste ano houve mesas temáticas a abordar a trajetória profissional de editor universitário, a internacionalização das publicações acadêmicas, o ônus ","Hugo Quinta – Foto: Arquivo pessoal

OMuseo de Antropologia da cidade de Córdoba, na Argentina, foi o palco da terceira edição da *Feria Internacional del Libro Universitario (FILU)*, ocorrida entre os dias 3 e 5 de junho de 2026. A FILU tem se consolidado como um foro dedicado a refletir sobre a edição universitária em nível continental. Na feira deste ano houve mesas temáticas a abordar a trajetória profissional de editor universitário, a internacionalização das publicações acadêmicas, o ônus ","idores e divulgação dos livros da Editora-Laboratório entre os leitores hispano-americanos.

\_\_\_\_\_\_\_\_\_\_\_\_\_\_\_\_
*(As opiniões expressas nos artigos publicados no **Jornal da USP** são de inteira responsabilidade de seus autores e não refletem opiniões do veículo nem posições institucionais da Universidade de São Paulo. Acesse aqui nossos [parâmetros editoriais para artigos de opinião](https://jornal.usp.br/noticias/parametros-editoriais-para-artigos-de-opiniao-no-jornal-da-usp/).)*","o corpo discente e docente dos cursos de Editoração e Jornalismo, bem com o corpo técnico-administrativo do Departamento de Jornalismo e Editoração. A possibilidade de firmar parecerias que abarquem editoras universitárias latino-americanas é um dos primeiros passos para a internacionalização da Com-Arte, o que certamente é benéfico para a formação de alunos, circulação de professores, capacitação dos servidores e divulgação dos livros da Editora-Laboratório entre os leitores hispano-americanos.",APROVADO,"[{""rule"": ""generic_opinion_notice"", ""reason"": ""aviso institucional genérico após o artigo"", ""text"": ""\\_\\_\\_\\_\\_\\_\\_\\_\\_\\_\\_\\_\\_\\_\\_\\_\n*(As opiniões expressas nos artigos publicados no **Jornal da USP** são de inteira responsabilidade de seus autores e não refletem opiniões do veículo nem posições institucionais da Universidade de São Paulo. Acesse aqui nossos [parâmetros editoriais para artigos de opinião](https://jornal.usp.br/noticias/parametros-editoriais-para-artigos-de-opiniao-no-jornal-da-usp/).)*""}]"
usp_news_000003,Unesp recebe Colar de Honra ao Mérito Legislativo da Assembleia Legislativa de SP,,1925,1925,0,"(Da esq. p/ dir.) Liedi Bernucci (USP); Pasqual Barretti (Unesp); Fernando Coelho (Unicamp); Beth Sahão (Alesp); Maysa Furlan (Unesp); Emidio de Souza e Guilherme Cortez (Alesp); e Raiane Assumpção (Unifesp) – Foto: Rodrigo Costa / Alesp

Em sessão solene no dia 25 de junho, a Assembleia Legislativa do Estado de São Paulo (Alesp) homenageou a Universidade Estadual Paulista (Unesp) pelos seus 50 anos de fundação e concedeu àquela Universidade o Colar de Honra ao Mérito Legislativo do Estado de Sã","(Da esq. p/ dir.) Liedi Bernucci (USP); Pasqual Barretti (Unesp); Fernando Coelho (Unicamp); Beth Sahão (Alesp); Maysa Furlan (Unesp); Emidio de Souza e Guilherme Cortez (Alesp); e Raiane Assumpção (Unifesp) – Foto: Rodrigo Costa / Alesp

Em sessão solene no dia 25 de junho, a Assembleia Legislativa do Estado de São Paulo (Alesp) homenageou a Universidade Estadual Paulista (Unesp) pelos seus 50 anos de fundação e concedeu àquela Universidade o Colar de Honra ao Mérito Legislativo do Estado de Sã"," continue firme em seu trabalho de formação de pessoas, de pesquisa, de inovação, de cultura, de arte, de extensão, que é aquilo que a gente oferece em retorno à sociedade e ao que ela nos deposita de confiança para que possamos fazer o nosso trabalho para a sociedade paulista e para o Brasil como um todo. Que a gente possa comemora muitos ganhos em um momento em que precisamos estar unidos pela autonomia universitária”.

*(Com informações da Assessoria de Comunicação e Imprensa (ACI) da Unesp)*"," continue firme em seu trabalho de formação de pessoas, de pesquisa, de inovação, de cultura, de arte, de extensão, que é aquilo que a gente oferece em retorno à sociedade e ao que ela nos deposita de confiança para que possamos fazer o nosso trabalho para a sociedade paulista e para o Brasil como um todo. Que a gente possa comemora muitos ganhos em um momento em que precisamos estar unidos pela autonomia universitária”.

*(Com informações da Assessoria de Comunicação e Imprensa (ACI) da Unesp)*",APROVADO,[]
usp_news_000004,“Revista Rasura”: educomunicação na‌ difusão científica e produção colaborativa de‌ conhecimento,,5013,4604,409,"Rodrigo Tembiú – Foto: Arquivo pessoal

Neste mês de junho, lançamos a [quinta edição da *Revista Rasura*](https://anyflip.com/vgmfd/dtgx), uma publicação colaborativa criada no Ceará em 2023, a partir de princípios educomunicativos e de comunicação comunitária. Nessa mais recente edição, a revista trata de experiências de movimentos populares contemporâneos na América Latina e políticas sociais de base comunitária em países como Colômbia, México, Argentina e Venezuela. Em seu conteúdo, destacam","Rodrigo Tembiú – Foto: Arquivo pessoal

Neste mês de junho, lançamos a [quinta edição da *Revista Rasura*](https://anyflip.com/vgmfd/dtgx), uma publicação colaborativa criada no Ceará em 2023, a partir de princípios educomunicativos e de comunicação comunitária. Nessa mais recente edição, a revista trata de experiências de movimentos populares contemporâneos na América Latina e políticas sociais de base comunitária em países como Colômbia, México, Argentina e Venezuela. Em seu conteúdo, destacam","I-FEUSP) em parceria com o PROLAM – Programa de Pós-Graduação Integração da América Latina.

\_\_\_\_\_\_\_\_\_\_\_\_\_\_\_\_
*(As opiniões expressas nos artigos publicados no **Jornal da USP** são de inteira responsabilidade de seus autores e não refletem opiniões do veículo nem posições institucionais da Universidade de São Paulo. Acesse aqui nossos [parâmetros editoriais para artigos de opinião](https://jornal.usp.br/noticias/parametros-editoriais-para-artigos-de-opiniao-no-jornal-da-usp/).)*","ue abram caminho para uma forma libertadora de se pensar/construir a ciência, a cultura e a política.

A publicação da revista foi apresentada por estudantes como trabalho de conclusão do curso de extensão *Educação, Cultura e Trabalho na América Latina: História, Movimentos, Resistências e Proposições – 5ª edição – 2026*, oferecida pelo Núcleo de Avaliação Institucional da Faculdade de Educação da USP (NAI-FEUSP) em parceria com o PROLAM – Programa de Pós-Graduação Integração da América Latina.",APROVADO,"[{""rule"": ""generic_opinion_notice"", ""reason"": ""aviso institucional genérico após o artigo"", ""text"": ""\\_\\_\\_\\_\\_\\_\\_\\_\\_\\_\\_\\_\\_\\_\\_\\_\n*(As opiniões expressas nos artigos publicados no **Jornal da USP** são de inteira responsabilidade de seus autores e não refletem opiniões do veículo nem posições institucionais da Universidade de São Paulo. Acesse aqui nossos [parâmetros editoriais para artigos de opinião](https://jornal.usp.br/noticias/parametros-editoriais-para-artigos-de-opiniao-no-jornal-da-usp/).)*""}]"
usp_news_000005,“Revista USP” questiona os tempos e os espaços da educação,,3734,3734,0,"# **Textos, Arte e Livros**

Além do dossiê, a nova edição da *Revista USP* traz outras três seções, intituladas *Textos*, *Arte* e *Livros*.

Na seção *Textos* encontra-se a tradução inédita de um ensaio do professor da Universidade de Kobe, no Japão, Yuho Hisayama, feita por Matheus Guménin Barreto e Eliana Takara. O texto foi apresentado durante uma palestra do professor japonês na Faculdade de Filosofia, Letras e Ciências Humanas da USP, realizada em março do ano passado. Nele, Hisayama comp","# **Textos, Arte e Livros**

Além do dossiê, a nova edição da *Revista USP* traz outras três seções, intituladas *Textos*, *Arte* e *Livros*.

Na seção *Textos* encontra-se a tradução inédita de um ensaio do professor da Universidade de Kobe, no Japão, Yuho Hisayama, feita por Matheus Guménin Barreto e Eliana Takara. O texto foi apresentado durante uma palestra do professor japonês na Faculdade de Filosofia, Letras e Ciências Humanas da USP, realizada em março do ano passado. Nele, Hisayama comp","ce social das manifestações artísticas num País de não leitores, de não frequentadores de museus’”, escreve Breda.

Revista USP*, número 149, dossiê* Tempos e Espaços de Formação*, Superintendência de Comunicação Social (SCS) da USP, 180 páginas*

*A revista está disponível gratuitamente no[Portal de Revistas USP](https://revistas.usp.br/revusp/pt_BR/issue/view/14015).*

\* *Estagiária sob supervisão de Marcello Rollemberg e Roberto C. G. Castro*

*\*\* Estagiária sob supervisão de Simone Gomes*","ce social das manifestações artísticas num País de não leitores, de não frequentadores de museus’”, escreve Breda.

Revista USP*, número 149, dossiê* Tempos e Espaços de Formação*, Superintendência de Comunicação Social (SCS) da USP, 180 páginas*

*A revista está disponível gratuitamente no[Portal de Revistas USP](https://revistas.usp.br/revusp/pt_BR/issue/view/14015).*

\* *Estagiária sob supervisão de Marcello Rollemberg e Roberto C. G. Castro*

*\*\* Estagiária sob supervisão de Simone Gomes*",APROVADO,[]
usp_news_000006,Alfabetização na idade certa mobiliza formações na Bahia,Marilia Rocha,8959,8865,94,"Por [Marilia Rocha\*](https://jornal.usp.br/author/marilia-rocha/ ""Posts de Marilia Rocha*"")

O titular da Cátedra Sérgio Henrique Ferreira, Mozart Neves Ramos – Foto: Antônio Cavalcante/Coperphoto/Sistema FIEB

Mais de mil educadores participaram do ciclo de encontros sobre alfabetização organizado pelo Movimento Bahia pela Educação, com apoio da Cátedra Sérgio Henrique Ferreira, do Instituto de Estudos Avançados Polo Ribeirão Preto (IEA-RP) da USP. O encontro de encerramento, realizado em Salv","O titular da Cátedra Sérgio Henrique Ferreira, Mozart Neves Ramos – Foto: Antônio Cavalcante/Coperphoto/Sistema FIEB

Mais de mil educadores participaram do ciclo de encontros sobre alfabetização organizado pelo Movimento Bahia pela Educação, com apoio da Cátedra Sérgio Henrique Ferreira, do Instituto de Estudos Avançados Polo Ribeirão Preto (IEA-RP) da USP. O encontro de encerramento, realizado em Salvador no dia 9 de junho, reuniu representantes de cerca de 50 cidades, incluindo diretores esco","me), União dos Municípios da Bahia (UPB), Serviço Brasileiro de Apoio às Micro e Pequenas Empresas (Sebrae), Federação das Empresas de Transporte (Fetrabase), Serviço Social da Indústria (SESI) Tribunal de Contas do Estado da Bahia (TCE-BA), Tribunal de Contas dos Municípios da Bahia (TCM-BA), e Cátedra Sérgio Henrique Ferreira, do Instituto de Estudos Avançados Polo Ribeirão Preto da Universidade de São Paulo (USP Ribeirão Preto).

*\* Assessoria de Imprensa da Cátedra Sérgio Henrique Ferreira*","me), União dos Municípios da Bahia (UPB), Serviço Brasileiro de Apoio às Micro e Pequenas Empresas (Sebrae), Federação das Empresas de Transporte (Fetrabase), Serviço Social da Indústria (SESI) Tribunal de Contas do Estado da Bahia (TCE-BA), Tribunal de Contas dos Municípios da Bahia (TCM-BA), e Cátedra Sérgio Henrique Ferreira, do Instituto de Estudos Avançados Polo Ribeirão Preto da Universidade de São Paulo (USP Ribeirão Preto).

*\* Assessoria de Imprensa da Cátedra Sérgio Henrique Ferreira*",APROVADO,"[{""rule"": ""duplicate_byline"", ""reason"": ""byline inicial repete o campo autor"", ""text"": ""Por [Marilia Rocha\\*](https://jornal.usp.br/author/marilia-rocha/ \""Posts de Marilia Rocha*\"")""}]"
usp_news_000007,USP e Secretaria Municipal de Saúde selecionam estudantes para o PET-Saúde Clima,,2355,2355,0,"Estão abertas, até o dia 27 de junho, as inscrições para o processo seletivo de estudantes de graduação interessados em participar do Programa de Educação pelo Trabalho para a Saúde (PET-Saúde) Clima 2026-2028. O programa é desenvolvido pela USP, campus de Ribeirão Preto, em parceria com a Secretaria Municipal de Saúde da cidade (SMS-RP), e oferece vagas para bolsistas, voluntários e cadastro de reserva.

Podem se inscrever estudantes de graduação da USP. Terão prioridade os candidatos que ainda","Estão abertas, até o dia 27 de junho, as inscrições para o processo seletivo de estudantes de graduação interessados em participar do Programa de Educação pelo Trabalho para a Saúde (PET-Saúde) Clima 2026-2028. O programa é desenvolvido pela USP, campus de Ribeirão Preto, em parceria com a Secretaria Municipal de Saúde da cidade (SMS-RP), e oferece vagas para bolsistas, voluntários e cadastro de reserva.

Podem se inscrever estudantes de graduação da USP. Terão prioridade os candidatos que ainda"," comunicação e inovação em saúde para o enfrentamento das emergências climáticas e ambientais, todos orientados pelo princípio da equidade em saúde.

As atividades serão organizadas em cinco grupos tutoriais, compostos por dois docentes da USP, dois profissionais da rede pública de saúde e oito estudantes de graduação de diferentes cursos, promovendo a integração entre ensino, serviço e comunidade.

Dúvidas podem ser encaminhadas para o e-mail [petsaudeclima@usp.br](mailto:petsaudeclima@usp.br)."," comunicação e inovação em saúde para o enfrentamento das emergências climáticas e ambientais, todos orientados pelo princípio da equidade em saúde.

As atividades serão organizadas em cinco grupos tutoriais, compostos por dois docentes da USP, dois profissionais da rede pública de saúde e oito estudantes de graduação de diferentes cursos, promovendo a integração entre ensino, serviço e comunidade.

Dúvidas podem ser encaminhadas para o e-mail [petsaudeclima@usp.br](mailto:petsaudeclima@usp.br).",APROVADO,[]
usp_news_000008,“Ser Transformado” é tema de exposição interativa na Biblioteca Sinhá Junqueira,Sofhia Camargo,4097,4001,96,"Por [Sofhia Camargo\*](https://jornal.usp.br/author/sofhiacamargo/ ""Posts de Sofhia Camargo*"")

Um dos trabalhos em exposição na Biblioteca Sinhá Junqueira – Foto: Suzana Ketelhut

O Curso de Biblioteconomia e Ciência da Informação da Faculdade de Filosofia, Ciências e Letras de Ribeirão Preto (FFCLRP) da USP promove, no dia 1º de julho, a partir das 19h, a exposição *Ser Transformado*, desenvolvida por estudantes da disciplina *Mediação e Recepção da Informação*. A atividade será realizada na B","Um dos trabalhos em exposição na Biblioteca Sinhá Junqueira – Foto: Suzana Ketelhut

O Curso de Biblioteconomia e Ciência da Informação da Faculdade de Filosofia, Ciências e Letras de Ribeirão Preto (FFCLRP) da USP promove, no dia 1º de julho, a partir das 19h, a exposição *Ser Transformado*, desenvolvida por estudantes da disciplina *Mediação e Recepção da Informação*. A atividade será realizada na Biblioteca Sinhá Junqueira, localizada na Rua Duque de Caxias, 547, com entrada gratuita e aberta","mento, à análise de contextos sociais e culturais e à construção de ações educativas e culturais voltadas à formação de públicos.

Além da experiência artística e educativa, os estudantes participam de todas as etapas de planejamento, organização e montagem das exposições, desenvolvendo autonomia e vivência em práticas culturais.

Mais informações: perfil do Instagram [@exposicaosertransformado](https://www.instagram.com/exposicaosertransformado/).

*\*Estagiária sob supervisão de Rose Talamone*","mento, à análise de contextos sociais e culturais e à construção de ações educativas e culturais voltadas à formação de públicos.

Além da experiência artística e educativa, os estudantes participam de todas as etapas de planejamento, organização e montagem das exposições, desenvolvendo autonomia e vivência em práticas culturais.

Mais informações: perfil do Instagram [@exposicaosertransformado](https://www.instagram.com/exposicaosertransformado/).

*\*Estagiária sob supervisão de Rose Talamone*",APROVADO,"[{""rule"": ""duplicate_byline"", ""reason"": ""byline inicial repete o campo autor"", ""text"": ""Por [Sofhia Camargo\\*](https://jornal.usp.br/author/sofhiacamargo/ \""Posts de Sofhia Camargo*\"")""}]"
usp_news_000009,USP sedia evento internacional sobre os avanços e desafios da educação básica no Brasil e em Angola,,2351,2351,0,"Prédio da Faculdade de Educação que sediará encontro internacional sobre educação em Angola e Brasil – Foto: Cecília Bastos

A Faculdade de Educação (FE) da USP realiza, nos dias 29 e 30 de junho de 2026, o evento acadêmico internacional *Avanços e Desafios da Educação Básica – Angola e Brasil.* O encontro reunirá especialistas, pesquisadores, educadores e representantes de instituições de ensino para debater as estruturas dos sistemas de ensino básico nas duas nações.

A organização do evento e","Prédio da Faculdade de Educação que sediará encontro internacional sobre educação em Angola e Brasil – Foto: Cecília Bastos

A Faculdade de Educação (FE) da USP realiza, nos dias 29 e 30 de junho de 2026, o evento acadêmico internacional *Avanços e Desafios da Educação Básica – Angola e Brasil.* O encontro reunirá especialistas, pesquisadores, educadores e representantes de instituições de ensino para debater as estruturas dos sistemas de ensino básico nas duas nações.

A organização do evento e","ca e externa, as atividades são direcionadas a estudantes de graduação e pós-graduação, professores atuantes na rede de Educação Básica, pesquisadores da área e público em geral.

Os interessados poderão acompanhar a programação nos dias 29 e 30 de junho, das 14:30 às 22 horas, sem necessidade de inscrição prévia. O evento ocorrerá de forma presencial no auditório da FE, na Cidade Universitária, e contará também com transmissão online por meio do canal da FE no YouTube.

Foto: Reprodução – FEUSP","ca e externa, as atividades são direcionadas a estudantes de graduação e pós-graduação, professores atuantes na rede de Educação Básica, pesquisadores da área e público em geral.

Os interessados poderão acompanhar a programação nos dias 29 e 30 de junho, das 14:30 às 22 horas, sem necessidade de inscrição prévia. O evento ocorrerá de forma presencial no auditório da FE, na Cidade Universitária, e contará também com transmissão online por meio do canal da FE no YouTube.

Foto: Reprodução – FEUSP",APROVADO,[]
usp_news_000010,Quando o jogo sai da tela: os riscos da gamificação no cotidiano,,1414,1414,0,"<https://jornal.usp.br/wp-content/uploads/2026/05/DATACRACIA_26_JUNHO_SANDRA_LULI.mp3>

Na coluna desta semana, Luli Radfahrer comenta que a gamificação deixou de ser apenas um recurso de videogames e se tornou uma estratégia usada por aplicativos e plataformas para aumentar o engajamento dos usuários por meio de pontos, recompensas e rankings. Baseada na psicologia comportamental, ela explora o sistema de recompensa do cérebro, podendo gerar dependência e ansiedade, como mostram pesquisas sobre","<https://jornal.usp.br/wp-content/uploads/2026/05/DATACRACIA_26_JUNHO_SANDRA_LULI.mp3>

Na coluna desta semana, Luli Radfahrer comenta que a gamificação deixou de ser apenas um recurso de videogames e se tornou uma estratégia usada por aplicativos e plataformas para aumentar o engajamento dos usuários por meio de pontos, recompensas e rankings. Baseada na psicologia comportamental, ela explora o sistema de recompensa do cérebro, podendo gerar dependência e ansiedade, como mostram pesquisas sobre","sses problemas, o autor defende mais educação digital, regulação e uma cultura tecnológica que priorize o bem-estar do usuário em vez do tempo de permanência nas telas.

---

**Datacracia**
A coluna [*Datacracia*](https://jornal.usp.br/radio-usp/perfis/luli-radfahrer/), com o professor Luli Radfahrer, vai ao ar quinzenalmente, sexta-feira às 8h, na Rádio USP (São Paulo 93,7 ; Ribeirão Preto 107,9 ) e também no [Youtube](https://goo.gl/v8ZDAf), com produção da Rádio USP Jornal da USP e TV USP.

.","sses problemas, o autor defende mais educação digital, regulação e uma cultura tecnológica que priorize o bem-estar do usuário em vez do tempo de permanência nas telas.

---

**Datacracia**
A coluna [*Datacracia*](https://jornal.usp.br/radio-usp/perfis/luli-radfahrer/), com o professor Luli Radfahrer, vai ao ar quinzenalmente, sexta-feira às 8h, na Rádio USP (São Paulo 93,7 ; Ribeirão Preto 107,9 ) e também no [Youtube](https://goo.gl/v8ZDAf), com produção da Rádio USP Jornal da USP e TV USP.

.",APROVADO,[]
usp_news_000011,USP Ribeirão Preto aproxima crianças e adolescentes da pesquisa científica,Felipe Medeiros,5592,5497,95,"Por [Felipe Medeiros\*](https://jornal.usp.br/author/flmedeiros/ ""Posts de Felipe Medeiros*"")

Visita ao Laboratório de Biologia Molecular – Foto: Luciano Almeida Junior

A ciência feita dentro das universidades costuma parecer distante da realidade de crianças e adolescentes. Em Ribeirão Preto, um grupo da USP tenta inverter essa lógica ao transformar estudantes do ensino fundamental e médio em participantes ativos de pesquisas científicas, aproximando laboratórios, saúde infantil e educação bá","Visita ao Laboratório de Biologia Molecular – Foto: Luciano Almeida Junior

A ciência feita dentro das universidades costuma parecer distante da realidade de crianças e adolescentes. Em Ribeirão Preto, um grupo da USP tenta inverter essa lógica ao transformar estudantes do ensino fundamental e médio em participantes ativos de pesquisas científicas, aproximando laboratórios, saúde infantil e educação básica em uma mesma experiência de aprendizado.

A iniciativa é desenvolvida pelo grupo de pesqui",", ela deixa de parecer um espaço distante. Eles começam a enxergar o ensino superior público como uma possibilidade concreta.”

Para o professor, a principal contribuição do projeto está justamente na criação dessa ponte entre ciência, educação e comunidade. “A proposta busca despertar novos talentos, fortalecer o pensamento crítico e mostrar que a produção científica também pode ser construída de forma coletiva, acessível e socialmente relevante.”

*\*Estagiário sob supervisão de Rose Talamone*",", ela deixa de parecer um espaço distante. Eles começam a enxergar o ensino superior público como uma possibilidade concreta.”

Para o professor, a principal contribuição do projeto está justamente na criação dessa ponte entre ciência, educação e comunidade. “A proposta busca despertar novos talentos, fortalecer o pensamento crítico e mostrar que a produção científica também pode ser construída de forma coletiva, acessível e socialmente relevante.”

*\*Estagiário sob supervisão de Rose Talamone*",APROVADO,"[{""rule"": ""duplicate_byline"", ""reason"": ""byline inicial repete o campo autor"", ""text"": ""Por [Felipe Medeiros\\*](https://jornal.usp.br/author/flmedeiros/ \""Posts de Felipe Medeiros*\"")""}]"
usp_news_000012,"Vinte anos depois, o desafio continua no combate à violência contra mulheres e meninas",Rose Talamone,5685,5599,86,"Por [Rose Talamone](https://jornal.usp.br/author/rosetala/ ""Posts de Rose Talamone"")

Cartaz de Divulgação do evento que será na Faculdade de Direito de Ribeirão Preto

Duas décadas após a promulgação da Lei Maria da Penha, considerada um dos mais importantes marcos legais de proteção às mulheres no Brasil, pesquisadores, representantes do sistema de Justiça, gestores públicos e integrantes da sociedade civil se reúnem na USP para discutir os avanços alcançados e os desafios ainda presentes no e","Cartaz de Divulgação do evento que será na Faculdade de Direito de Ribeirão Preto

Duas décadas após a promulgação da Lei Maria da Penha, considerada um dos mais importantes marcos legais de proteção às mulheres no Brasil, pesquisadores, representantes do sistema de Justiça, gestores públicos e integrantes da sociedade civil se reúnem na USP para discutir os avanços alcançados e os desafios ainda presentes no enfrentamento à violência doméstica e familiar. Entre os dias 9 e 12 de junho, sempre a","ferentes regiões do País.

Os desafios, entretanto, permanecem expressivos. A persistência dos feminicídios, a subnotificação dos casos de violência, as desigualdades no acesso aos serviços de proteção e a necessidade de ampliar ações de prevenção demonstram que a existência da lei, por si só, não é suficiente. Sua efetividade depende do fortalecimento contínuo das políticas públicas, da atuação integrada das instituições e do compromisso permanente da sociedade no combate à violência de gênero.","ferentes regiões do País.

Os desafios, entretanto, permanecem expressivos. A persistência dos feminicídios, a subnotificação dos casos de violência, as desigualdades no acesso aos serviços de proteção e a necessidade de ampliar ações de prevenção demonstram que a existência da lei, por si só, não é suficiente. Sua efetividade depende do fortalecimento contínuo das políticas públicas, da atuação integrada das instituições e do compromisso permanente da sociedade no combate à violência de gênero.",APROVADO,"[{""rule"": ""duplicate_byline"", ""reason"": ""byline inicial repete o campo autor"", ""text"": ""Por [Rose Talamone](https://jornal.usp.br/author/rosetala/ \""Posts de Rose Talamone\"")""}]"
usp_news_000013,E-book apresenta estudos de caso e experiências brasileiras que promovem a saúde do solo,Claudia Costa,6456,6365,91,"Por [Claudia Costa](https://jornal.usp.br/author/cfcostausp-br/ ""Posts de Claudia Costa"")

Livro traz os principais resultados de mais de 200 artigos científicos na área de saúde do solo – Foto: Mauricio Chrubin / Esalq-USP

.
A saúde do solo se tornou uma das principais fronteiras da ciência do solo contemporânea, alinhada a agendas estratégicas em escala global e conectada a desafios como segurança alimentar, mitigação das mudanças climáticas, conservação da biodiversidade e restauração de eco","Livro traz os principais resultados de mais de 200 artigos científicos na área de saúde do solo – Foto: Mauricio Chrubin / Esalq-USP

.
A saúde do solo se tornou uma das principais fronteiras da ciência do solo contemporânea, alinhada a agendas estratégicas em escala global e conectada a desafios como segurança alimentar, mitigação das mudanças climáticas, conservação da biodiversidade e restauração de ecossistemas. Esse é o tema do livro [*Aplicações em Saúde do Solo: Estudos de Caso e Experiên","do como Nestlé e Archer Daniels Midland Company (ADM). A iniciativa propõe uma atuação integrada baseada em ciência, inovação e colaboração multissetorial para transformar a tomada de decisão no campo e reposicionar o solo como um organismo vivo e essencial à competitividade do agronegócio brasileiro.

Conheça mais sobre o grupo [neste link.](https://lnkd.in/didQc6uE.)

Acesse gratuitamente o livro *Aplicações em Saúde do Solo: Estudos de Caso e Experiências* [aqui.](https://lnkd.in/dErUKJRM)

.","do como Nestlé e Archer Daniels Midland Company (ADM). A iniciativa propõe uma atuação integrada baseada em ciência, inovação e colaboração multissetorial para transformar a tomada de decisão no campo e reposicionar o solo como um organismo vivo e essencial à competitividade do agronegócio brasileiro.

Conheça mais sobre o grupo [neste link.](https://lnkd.in/didQc6uE.)

Acesse gratuitamente o livro *Aplicações em Saúde do Solo: Estudos de Caso e Experiências* [aqui.](https://lnkd.in/dErUKJRM)

.",APROVADO,"[{""rule"": ""duplicate_byline"", ""reason"": ""byline inicial repete o campo autor"", ""text"": ""Por [Claudia Costa](https://jornal.usp.br/author/cfcostausp-br/ \""Posts de Claudia Costa\"")""}]"
usp_news_000014,Doação de livros da USP em Ribeirão Preto fortalece formação jurídica em Timor-Leste,,5028,5028,0,"Foram doadas mais de 3 mil obras – Fotomontagem de Jornal da USP com imagens de Freepik e Domínio público

A Biblioteca da Faculdade de Direito de Ribeirão Preto (FDRP) da USP realizou a doação de quase 3 mil obras jurídicas que passarão a integrar o acervo do Centro de Formação Jurídica e Judiciária de Timor-Leste, instituição responsável pela formação e capacitação de magistrados, defensores públicos, servidores e outros profissionais do sistema de justiça daquele país.

O envio do acervo teve","Foram doadas mais de 3 mil obras – Fotomontagem de Jornal da USP com imagens de Freepik e Domínio público

A Biblioteca da Faculdade de Direito de Ribeirão Preto (FDRP) da USP realizou a doação de quase 3 mil obras jurídicas que passarão a integrar o acervo do Centro de Formação Jurídica e Judiciária de Timor-Leste, instituição responsável pela formação e capacitação de magistrados, defensores públicos, servidores e outros profissionais do sistema de justiça daquele país.

O envio do acervo teve","nços registrados nas últimas décadas, o Timor-Leste ainda enfrenta desafios relacionados ao desenvolvimento econômico, à formação de recursos humanos especializados e ao fortalecimento de suas instituições públicas. Nesse contexto, iniciativas voltadas à educação e à qualificação de profissionais do sistema de Justiça são consideradas estratégicas para a consolidação do Estado de Direito e para a ampliação do acesso da população à Justiça.

*\*Com informações do jornalista Luis Ribeiro, da FDRP*","nços registrados nas últimas décadas, o Timor-Leste ainda enfrenta desafios relacionados ao desenvolvimento econômico, à formação de recursos humanos especializados e ao fortalecimento de suas instituições públicas. Nesse contexto, iniciativas voltadas à educação e à qualificação de profissionais do sistema de Justiça são consideradas estratégicas para a consolidação do Estado de Direito e para a ampliação do acesso da população à Justiça.

*\*Com informações do jornalista Luis Ribeiro, da FDRP*",APROVADO,[]
usp_news_000015,Pasteurização do passado: as máquinas de afeto,,7652,7243,409,"Charlley Luz – Foto: Arquivo pessoal

A pasteurização do passado não é apenas um efeito colateral técnico da automação algorítmica aplicada aos regimes de memória. É uma operação estética e infraestrutural. Ela emerge quando o design da memória, aqui entendido como prática de organizar, mediar e performar o que será lembrado ou esquecido, passa a ser conduzido por sistemas algorítmicos orientados por engajamento, fricção mínima e recompensa afetiva.

Memória, aqui, não é acervo. É moeda de troca","Charlley Luz – Foto: Arquivo pessoal

A pasteurização do passado não é apenas um efeito colateral técnico da automação algorítmica aplicada aos regimes de memória. É uma operação estética e infraestrutural. Ela emerge quando o design da memória, aqui entendido como prática de organizar, mediar e performar o que será lembrado ou esquecido, passa a ser conduzido por sistemas algorítmicos orientados por engajamento, fricção mínima e recompensa afetiva.

Memória, aqui, não é acervo. É moeda de troca","ade de sustentar a complexidade e a contradição da experiência humana e a prova disso tudo.

\_\_\_\_\_\_\_\_\_\_\_\_\_\_\_\_
*(As opiniões expressas nos artigos publicados no **Jornal da USP** são de inteira responsabilidade de seus autores e não refletem opiniões do veículo nem posições institucionais da Universidade de São Paulo. Acesse aqui nossos [parâmetros editoriais para artigos de opinião](https://jornal.usp.br/noticias/parametros-editoriais-para-artigos-de-opiniao-no-jornal-da-usp/).)*"," apenas uma questão estética. É um problema epistemológico e arquivístico. Ela revela um design da memória que abdica do rigor documental em favor de uma estética de consumo. O arquivo deixa de operar como espaço de fricção entre passado e presente e passa a funcionar como vitrine de um passado compatível com as expectativas do usuário.

A memória torna-se produto.

E, ao se tornar produto, perde a capacidade de sustentar a complexidade e a contradição da experiência humana e a prova disso tudo.",APROVADO,"[{""rule"": ""generic_opinion_notice"", ""reason"": ""aviso institucional genérico após o artigo"", ""text"": ""\\_\\_\\_\\_\\_\\_\\_\\_\\_\\_\\_\\_\\_\\_\\_\\_\n*(As opiniões expressas nos artigos publicados no **Jornal da USP** são de inteira responsabilidade de seus autores e não refletem opiniões do veículo nem posições institucionais da Universidade de São Paulo. Acesse aqui nossos [parâmetros editoriais para artigos de opinião](https://jornal.usp.br/noticias/parametros-editoriais-para-artigos-de-opiniao-no-jornal-da-usp/).)*""}]"
usp_news_000016,IDH recorde demonstra importância de políticas públicas e transformações sociais,,5030,5030,0,"O IDH é composto de três variáveis: educação, saúde e economia – Foto: Divulgação/Secretaria da Educação/SP[Secretaria da Educação/SP](https://www.agenciasp.sp.gov.br/375-mil-estudantes-prestam-provao-paulista-nesta-terca-e-quarta-confira-as-proximas-etapas/)

<https://jornal.usp.br/wp-content/uploads/2026/06/BRASIL-ATINGE-MAIOR-IDH-DA-HISTORIA_PROFo_FERNANDO-COELHO.mp3>

O Brasil atingiu o maior IDH (Índice de Desenvolvimento Humano) da história, segundo [estudo](https://www.undp.org/pt/brazil/","O IDH é composto de três variáveis: educação, saúde e economia – Foto: Divulgação/Secretaria da Educação/SP[Secretaria da Educação/SP](https://www.agenciasp.sp.gov.br/375-mil-estudantes-prestam-provao-paulista-nesta-terca-e-quarta-confira-as-proximas-etapas/)

<https://jornal.usp.br/wp-content/uploads/2026/06/BRASIL-ATINGE-MAIOR-IDH-DA-HISTORIA_PROFo_FERNANDO-COELHO.mp3>

O Brasil atingiu o maior IDH (Índice de Desenvolvimento Humano) da história, segundo [estudo](https://www.undp.org/pt/brazil/","io, limitando o avanço do indicador e reforçando diferenças entre Estados, municípios e regiões do País.

O resultado histórico do IDH, porém, não elimina as disparidades que marcam o País. Segundo o professor, a média nacional esconde realidades muito distintas em um país de dimensões continentais. Cada região, Estado, cidades e grupos sociais têm uma realidade própria, o que torna o combate à desigualdade um passo essencial para que o desenvolvimento chegue de forma efetiva a toda a população.","io, limitando o avanço do indicador e reforçando diferenças entre Estados, municípios e regiões do País.

O resultado histórico do IDH, porém, não elimina as disparidades que marcam o País. Segundo o professor, a média nacional esconde realidades muito distintas em um país de dimensões continentais. Cada região, Estado, cidades e grupos sociais têm uma realidade própria, o que torna o combate à desigualdade um passo essencial para que o desenvolvimento chegue de forma efetiva a toda a população.",APROVADO,[]
usp_news_000017,Economia circular e invisibilidade de catadores são temas de exposição,Thais Cardoso,3947,3857,90,"Por [Thais Cardoso\*](https://jornal.usp.br/author/thcardoso/ ""Posts de Thais Cardoso*"")

Imagens retratam catadores de materiais recicláveis da cidade de Cravinhos (SP), figuras protagonistas no processo da reciclagem de materiais e na discussão sobre economia circular – Foto: Arquivo pessoal da artista Leila Costa Quaglio

O [Espaço Cultural do Instituto de Estudos Avançados Polo Ribeirão Preto (IEA-RP) da USP](https://rp.iea.usp.br/cultural/) recebe a partir do dia 12 de junho a exposição *Pe","Imagens retratam catadores de materiais recicláveis da cidade de Cravinhos (SP), figuras protagonistas no processo da reciclagem de materiais e na discussão sobre economia circular – Foto: Arquivo pessoal da artista Leila Costa Quaglio

O [Espaço Cultural do Instituto de Estudos Avançados Polo Ribeirão Preto (IEA-RP) da USP](https://rp.iea.usp.br/cultural/) recebe a partir do dia 12 de junho a exposição *Pelas Ruas – Crítica à Razão Dualista: Entre a Economia Circular e a Invisibilidade*”, da ce","itórios da Cátedra Alfredo Bosi de Educação Básica do IEA.

As visitas podem ser feitas gratuitamente até o dia 7 de julho, de segunda a sexta, das 8h30 às 16h30. Grupos com mais de dez pessoas devem ser agendados pelo e-mail [iearp@usp.br](mailto:iearp@usp.br). O Espaço Cultural do IEA-RP fica localizado no campus da USP Ribeirão Preto, na Rua Pedreira de Freitas, casa 20, próximo ao Prédio Central da Faculdade de Medicina. Mais informações: iearp@usp.br

*\*Assessoria de Comunicação do IEA-RP*","itórios da Cátedra Alfredo Bosi de Educação Básica do IEA.

As visitas podem ser feitas gratuitamente até o dia 7 de julho, de segunda a sexta, das 8h30 às 16h30. Grupos com mais de dez pessoas devem ser agendados pelo e-mail [iearp@usp.br](mailto:iearp@usp.br). O Espaço Cultural do IEA-RP fica localizado no campus da USP Ribeirão Preto, na Rua Pedreira de Freitas, casa 20, próximo ao Prédio Central da Faculdade de Medicina. Mais informações: iearp@usp.br

*\*Assessoria de Comunicação do IEA-RP*",APROVADO,"[{""rule"": ""duplicate_byline"", ""reason"": ""byline inicial repete o campo autor"", ""text"": ""Por [Thais Cardoso\\*](https://jornal.usp.br/author/thcardoso/ \""Posts de Thais Cardoso*\"")""}]"
usp_news_000018,Projeto da USP precisa de voluntários para mapear dificuldades sobre tecnologia na terceira idade,Vitória Gomes,1327,1233,94,"Por [Vitória Gomes\*](https://jornal.usp.br/author/vitoria-gomes/ ""Posts de Vitória Gomes*"")

Estudantes do curso de Informática Biomédica da Faculdade de Medicina de Ribeirão Preto (FMRP) da USP estão em busca de homens ou mulheres da terceira idade, entre 50 e 79 anos, para responder formulário on-line sobre *Inclusão, Atualização e Aperfeiçoamento Digital para Todos.* Os interessados em participar devem responder ao questionário [neste link](https://docs.google.com/forms/d/e/1FAIpQLSfLkmMPDsp","Estudantes do curso de Informática Biomédica da Faculdade de Medicina de Ribeirão Preto (FMRP) da USP estão em busca de homens ou mulheres da terceira idade, entre 50 e 79 anos, para responder formulário on-line sobre *Inclusão, Atualização e Aperfeiçoamento Digital para Todos.* Os interessados em participar devem responder ao questionário [neste link](https://docs.google.com/forms/d/e/1FAIpQLSfLkmMPDspD4NkUpsVSH0fyya-PlNTpjMY-sHOwQx40gxIMcQ/viewform), que leva em média dez minutos.

Com o objet","Pirassununga (FZEA) da USP, tem como intuito oferecer oficinas gratuitas e ações educativas sobre tecnologia para pessoas da terceira idade.

O levantamento inicial será para compreender os principais interesses, dúvidas e dificuldades do público-alvo, a fim de planejar oficinas de maneira mais acessível e adequada às necessidades dos participantes.

Mais informações podem ser obtidas pelo e-mail: [jennifer.dias@usp.br](mailto:jennifer.dias@usp.br)

*\*Estagiária sob supervisão de Rose Talamone*","Pirassununga (FZEA) da USP, tem como intuito oferecer oficinas gratuitas e ações educativas sobre tecnologia para pessoas da terceira idade.

O levantamento inicial será para compreender os principais interesses, dúvidas e dificuldades do público-alvo, a fim de planejar oficinas de maneira mais acessível e adequada às necessidades dos participantes.

Mais informações podem ser obtidas pelo e-mail: [jennifer.dias@usp.br](mailto:jennifer.dias@usp.br)

*\*Estagiária sob supervisão de Rose Talamone*",APROVADO,"[{""rule"": ""duplicate_byline"", ""reason"": ""byline inicial repete o campo autor"", ""text"": ""Por [Vitória Gomes\\*](https://jornal.usp.br/author/vitoria-gomes/ \""Posts de Vitória Gomes*\"")""}]"
usp_news_000019,Livro resgata a quinta década de transformações na Faculdade de Medicina de Ribeirão Preto,Vitória Gomes,2347,2253,94,"Por [Vitória Gomes\*](https://jornal.usp.br/author/vitoria-gomes/ ""Posts de Vitória Gomes*"")

Foto: FMRP-USP

No dia 2 de junho, terça-feira, à partir das 16h, será lançado o livro *F**aculdade de Medicina de Ribeirão Preto – USP: Quinta Década*, organizado pelos professores Maria de Lourdes Rodrigues, Valdes Roberto Bollela, Jorge Elias Júnior e Rui Alberto Ferriani, todos da FMRP. O evento será realizado, presencialmente, no Espaço de Eventos do Bloco Didático da FMRP. Para participar do lança","Foto: FMRP-USP

No dia 2 de junho, terça-feira, à partir das 16h, será lançado o livro *F**aculdade de Medicina de Ribeirão Preto – USP: Quinta Década*, organizado pelos professores Maria de Lourdes Rodrigues, Valdes Roberto Bollela, Jorge Elias Júnior e Rui Alberto Ferriani, todos da FMRP. O evento será realizado, presencialmente, no Espaço de Eventos do Bloco Didático da FMRP. Para participar do lançamento, os interessados devem se inscrever, [neste link](https://docs.google.com/forms/d/e/1FAI","o e HC de Ribeirão Preto.

Por fim, os capítulos finais conduzem o leitor ao contexto da formação e reorganização administrativa da instituição, explorando detalhadamente a transição e o nascimento de novas configurações institucionais, como a fusão da Bioquímica com a Imunologia e a criação do Departamento de Biologia Celular e Molecular e Bioagentes Patogênicos.

Mais informações: pelo e-mail: [diretoria@fmrp.usp.br](mailto:diretoria@fmrp.usp.br)

*\*Estagiária sob supervisão de Rose Talamone*","o e HC de Ribeirão Preto.

Por fim, os capítulos finais conduzem o leitor ao contexto da formação e reorganização administrativa da instituição, explorando detalhadamente a transição e o nascimento de novas configurações institucionais, como a fusão da Bioquímica com a Imunologia e a criação do Departamento de Biologia Celular e Molecular e Bioagentes Patogênicos.

Mais informações: pelo e-mail: [diretoria@fmrp.usp.br](mailto:diretoria@fmrp.usp.br)

*\*Estagiária sob supervisão de Rose Talamone*",APROVADO,"[{""rule"": ""duplicate_byline"", ""reason"": ""byline inicial repete o campo autor"", ""text"": ""Por [Vitória Gomes\\*](https://jornal.usp.br/author/vitoria-gomes/ \""Posts de Vitória Gomes*\"")""}]"
usp_news_000020,Câmara dos Deputados aprova o fim da escala 6×1; PEC segue para o Senado,Gabriel Albuquerque,6094,5982,112,"Por [Gabriel Albuquerque\*](https://jornal.usp.br/author/gabriel-albuquerque/ ""Posts de Gabriel Albuquerque*"")

“Ninguém deve ser contra a redução da jornada. É do interesse dos trabalhadores, mas também é do interesse dos trabalhadores preservar o emprego” – Foto: Pedro Bolle/USP Imagens

A Câmara dos Deputados aprovou, na última quarta-feira (27), em dois turnos, a Proposta de Emenda à Constituição (PEC) que reduz a jornada de trabalho de 44 para 40 horas semanais, com período de adaptação de ","“Ninguém deve ser contra a redução da jornada. É do interesse dos trabalhadores, mas também é do interesse dos trabalhadores preservar o emprego” – Foto: Pedro Bolle/USP Imagens

A Câmara dos Deputados aprovou, na última quarta-feira (27), em dois turnos, a Proposta de Emenda à Constituição (PEC) que reduz a jornada de trabalho de 44 para 40 horas semanais, com período de adaptação de 14 meses, resultando no fim da escala 6×1 de seis dias de trabalho e um de folga. A PEC altera a parte da Consti","correlação muito forte e eloquente. Para você reduzir jornada, você tem que fazer primeiro crescer e depois diminuir, você tem que aumentar a produtividade. O que nós estamos fazendo no Brasil? A gente está indo contra esse gráfico de 160 países, o que é um absurdo. Eu espero que a gente consiga transformar, voltar o Brasil para percorrer esse caminho, senão a gente vai andar para trás, nós vamos cair lá para o começo do mundo”, finaliza.

\**Sob supervisão de Paulo Capuzzo e Cinderela Caldeira*","correlação muito forte e eloquente. Para você reduzir jornada, você tem que fazer primeiro crescer e depois diminuir, você tem que aumentar a produtividade. O que nós estamos fazendo no Brasil? A gente está indo contra esse gráfico de 160 países, o que é um absurdo. Eu espero que a gente consiga transformar, voltar o Brasil para percorrer esse caminho, senão a gente vai andar para trás, nós vamos cair lá para o começo do mundo”, finaliza.

\**Sob supervisão de Paulo Capuzzo e Cinderela Caldeira*",APROVADO,"[{""rule"": ""duplicate_byline"", ""reason"": ""byline inicial repete o campo autor"", ""text"": ""Por [Gabriel Albuquerque\\*](https://jornal.usp.br/author/gabriel-albuquerque/ \""Posts de Gabriel Albuquerque*\"")""}]"
usp_news_000021,USP é a melhor universidade da América Latina e figura entre as 120 melhores do mundo em ranking internacional,Michel Sitnik,3784,3693,91,"Por [Michel Sitnik](https://jornal.usp.br/author/michelsusp-br/ ""Posts de Michel Sitnik"")

Foto: Marcos Santos/USP Imagens e Reprodução/CWUR

A USP ocupa a 119ª posição entre 21.291 universidades avaliadas na edição 2026 do ranking Global 2000, divulgado na segunda-feira, 1º de junho, pelo Centro Mundial de Rankings Universitários (CWUR, na sigla em inglês), organização de consultoria voltada a governos e universidades que publica a classificação global desde 2012.

O resultado coloca a USP no g","Foto: Marcos Santos/USP Imagens e Reprodução/CWUR

A USP ocupa a 119ª posição entre 21.291 universidades avaliadas na edição 2026 do ranking Global 2000, divulgado na segunda-feira, 1º de junho, pelo Centro Mundial de Rankings Universitários (CWUR, na sigla em inglês), organização de consultoria voltada a governos e universidades que publica a classificação global desde 2012.

O resultado coloca a USP no grupo dos 0,6% melhores de todas as instituições de ensino superior do mundo mapeadas pelo l"," indicadores objetivos e verificáveis, construídos a partir de 81 milhões de pontos de dados, o que confere ao levantamento reputação de independência e consistência. Os critérios estão distribuídos em sete indicadores agrupados em quatro eixos: educação e empregabilidade dos egressos (25% cada), qualificação do corpo docente (10%) e pesquisa, sendo esta última subdividida em volume de publicações, qualidade das revistas onde os artigos são publicados, influência e número de citações (10% cada)."," indicadores objetivos e verificáveis, construídos a partir de 81 milhões de pontos de dados, o que confere ao levantamento reputação de independência e consistência. Os critérios estão distribuídos em sete indicadores agrupados em quatro eixos: educação e empregabilidade dos egressos (25% cada), qualificação do corpo docente (10%) e pesquisa, sendo esta última subdividida em volume de publicações, qualidade das revistas onde os artigos são publicados, influência e número de citações (10% cada).",APROVADO,"[{""rule"": ""duplicate_byline"", ""reason"": ""byline inicial repete o campo autor"", ""text"": ""Por [Michel Sitnik](https://jornal.usp.br/author/michelsusp-br/ \""Posts de Michel Sitnik\"")""}]"
usp_news_000022,OMS alerta para aumento de perda auditiva entre jovens,Simone Lemos,2881,2794,87,"Por [Simone Lemos](https://jornal.usp.br/author/silemusp-br/ ""Posts de Simone Lemos"")

Usar protetores auriculares durante shows, festas ou em qualquer ambiente com níveis elevados de ruído ajuda a evitar danos à audição – Foto: [Freepik](https://br.freepik.com/fotos-gratis/pessoa-com-problemas-de-audicao_36190620.htm)

<https://jornal.usp.br/wp-content/uploads/2026/05/AUMENTO-SURDEZ-JOVENS_SIMONE-LEMOS.mp3>

Dados da Organização Mundial da Saúde (OMS) indicam que mais de 1 bilhão de jovens em t","Usar protetores auriculares durante shows, festas ou em qualquer ambiente com níveis elevados de ruído ajuda a evitar danos à audição – Foto: [Freepik](https://br.freepik.com/fotos-gratis/pessoa-com-problemas-de-audicao_36190620.htm)

<https://jornal.usp.br/wp-content/uploads/2026/05/AUMENTO-SURDEZ-JOVENS_SIMONE-LEMOS.mp3>

Dados da Organização Mundial da Saúde (OMS) indicam que mais de 1 bilhão de jovens em todo o mundo correm o risco de desenvolver perda auditiva permanente. Nos países desenvo","os riscos associados à exposição excessiva ao som alto, mas nem sempre adotam medidas preventivas. “Eu acredito que os jovens até tenham noção desses riscos, mas, como acontece com frequência nessa fase da vida, muitos pensam que isso não vai acontecer com eles. Por isso, é importante conscientizar e mostrar casos de pessoas jovens que já precisam usar aparelhos auditivos. O protetor auricular reduz um pouco a intensidade do som, mas não impede ninguém de aproveitar a música ou o show”, conclui.","os riscos associados à exposição excessiva ao som alto, mas nem sempre adotam medidas preventivas. “Eu acredito que os jovens até tenham noção desses riscos, mas, como acontece com frequência nessa fase da vida, muitos pensam que isso não vai acontecer com eles. Por isso, é importante conscientizar e mostrar casos de pessoas jovens que já precisam usar aparelhos auditivos. O protetor auricular reduz um pouco a intensidade do som, mas não impede ninguém de aproveitar a música ou o show”, conclui.",APROVADO,"[{""rule"": ""duplicate_byline"", ""reason"": ""byline inicial repete o campo autor"", ""text"": ""Por [Simone Lemos](https://jornal.usp.br/author/silemusp-br/ \""Posts de Simone Lemos\"")""}]"
usp_news_000023,Atual crise de Ebola no Congo é mais transmissível que a epidemia de 2014,Gustavo Radaelli,3719,3625,94,"Por [Gustavo Radaelli\*](https://jornal.usp.br/author/gustavo/ ""Posts de Gustavo Radaelli*"")

Transmissão ocorre após contato com secreções de pessoa infectada, principalmente o sangue- Foto: [CDC Global/Wikimédia](https://commons.wikimedia.org/wiki/File:CDC_Director_exits_Ebola_treatment_unit.jpg)

<https://jornal.usp.br/wp-content/uploads/2026/06/EBOLA_GUSTAVO-RADAELLI.mp3>

A República Democrática do Congo enfrenta uma nova crise sanitária provocada pelo vírus Ebola, considerada mais preocupa","Transmissão ocorre após contato com secreções de pessoa infectada, principalmente o sangue- Foto: [CDC Global/Wikimédia](https://commons.wikimedia.org/wiki/File:CDC_Director_exits_Ebola_treatment_unit.jpg)

<https://jornal.usp.br/wp-content/uploads/2026/06/EBOLA_GUSTAVO-RADAELLI.mp3>

A República Democrática do Congo enfrenta uma nova crise sanitária provocada pelo vírus Ebola, considerada mais preocupante do que a registrada entre 2014 e 2016. A variante atualmente em circulação apresenta maior","e para territórios vizinhos às áreas mais afetadas.

Embora a República Democrática do Congo registre surtos recorrentes de Ebola, ainda não há estudos capazes de explicar com precisão por que o país concentra tantos episódios da doença. Uma das principais hipóteses é a circulação contínua do vírus entre populações de morcegos da região. No entanto, essa explicação, por si só, não é suficiente para esclarecer os intervalos entre as sucessivas crises sanitárias.

\*Sob orientação de Marcia Avanza","e para territórios vizinhos às áreas mais afetadas.

Embora a República Democrática do Congo registre surtos recorrentes de Ebola, ainda não há estudos capazes de explicar com precisão por que o país concentra tantos episódios da doença. Uma das principais hipóteses é a circulação contínua do vírus entre populações de morcegos da região. No entanto, essa explicação, por si só, não é suficiente para esclarecer os intervalos entre as sucessivas crises sanitárias.

\*Sob orientação de Marcia Avanza",APROVADO,"[{""rule"": ""duplicate_byline"", ""reason"": ""byline inicial repete o campo autor"", ""text"": ""Por [Gustavo Radaelli\\*](https://jornal.usp.br/author/gustavo/ \""Posts de Gustavo Radaelli*\"")""}]"
usp_news_000024,Desaparecimento do site FiveThirtyEight é algo a se lamentar,Carlos Eduardo Lins da Silva,1958,1958,0,"<https://jornal.usp.br/wp-content/uploads/2026/06/HORIZONTES-DO-JORNALISMO_1o_JUNHO_MARCIA-_CARLOS-EDUARDO.mp3>

Nesta edição de sua coluna, Carlos Eduardo Lins da Silva comenta o desaparecimento do site FiveThirtyEight, bastante conhecido pelas análises de pesquisas eleitorais e modelos de previsão. Para o colunista, trata-se de um dos mais importantes veículos jornalísticos das últimas décadas, destacando-se em sua época por fazer “uma espécie de curadoria de todas as pesquisas (eleitorais) qu","<https://jornal.usp.br/wp-content/uploads/2026/06/HORIZONTES-DO-JORNALISMO_1o_JUNHO_MARCIA-_CARLOS-EDUARDO.mp3>

Nesta edição de sua coluna, Carlos Eduardo Lins da Silva comenta o desaparecimento do site FiveThirtyEight, bastante conhecido pelas análises de pesquisas eleitorais e modelos de previsão. Para o colunista, trata-se de um dos mais importantes veículos jornalísticos das últimas décadas, destacando-se em sua época por fazer “uma espécie de curadoria de todas as pesquisas (eleitorais) qu","e esse incidente desperta para a gente pelo menos se preocupar.”

---

**Horizontes do Jornalismo**
A coluna [Horizontes do Jornalismo](https://jornal.usp.br/radio-usp/perfis/carlos-eduardo-lins-da-silva/), com o professor Carlos Eduardo Lins da Silva, vai ao ar quinzenalmente, segunda-feira às 8h30, na Rádio USP (São Paulo 93,7; Ribeirão Preto 107,9) e também no [Youtube](https://jornal.usp.br/radio-usp/perfis/carlos-eduardo-lins-da-silva/), com produção da Rádio USP, Jornal da USP e TV USP.

.","e esse incidente desperta para a gente pelo menos se preocupar.”

---

**Horizontes do Jornalismo**
A coluna [Horizontes do Jornalismo](https://jornal.usp.br/radio-usp/perfis/carlos-eduardo-lins-da-silva/), com o professor Carlos Eduardo Lins da Silva, vai ao ar quinzenalmente, segunda-feira às 8h30, na Rádio USP (São Paulo 93,7; Ribeirão Preto 107,9) e também no [Youtube](https://jornal.usp.br/radio-usp/perfis/carlos-eduardo-lins-da-silva/), com produção da Rádio USP, Jornal da USP e TV USP.

.",APROVADO,[]
usp_news_000025,São Paulo produz toneladas de lixo e recicla pouco,Simone Lemos,1043,956,87,"Por [Simone Lemos](https://jornal.usp.br/author/silemusp-br/ ""Posts de Simone Lemos"")

<https://jornal.usp.br/wp-content/uploads/2026/05/SAUDE-E-MEIO-AMBIENTE_01-06-26_PAULO-SALDIVA.mp3>

A cidade de São Paulo produz cerca de 20 mil toneladas de lixo por dia. Grande parte desses resíduos poderia ser reciclada ou transformada em adubo e energia, mas apenas uma pequena parcela é reaproveitada. O descarte inadequado causa diversos problemas. Para enfrentar esse desafio é fundamental investir em rec","<https://jornal.usp.br/wp-content/uploads/2026/05/SAUDE-E-MEIO-AMBIENTE_01-06-26_PAULO-SALDIVA.mp3>

A cidade de São Paulo produz cerca de 20 mil toneladas de lixo por dia. Grande parte desses resíduos poderia ser reciclada ou transformada em adubo e energia, mas apenas uma pequena parcela é reaproveitada. O descarte inadequado causa diversos problemas. Para enfrentar esse desafio é fundamental investir em reciclagem, educação ambiental, incentivos econômicos e na valorização dos trabalhadores d","nômicos e na valorização dos trabalhadores da coleta e reciclagem, com a participação conjunta do governo, da sociedade e das universidades.

---

**Saúde e Meio Ambiente**
A coluna [*Saúde e Meio Ambiente*](https://jornal.usp.br/radio-usp/perfis/paulo-saldiva/), com o professor Paulo Saldiva, vai ao ar toda segunda-feira às 8h, quinzenalmente, na Rádio USP (São Paulo 93,7 ; Ribeirão Preto 107,9 ) e também no [Youtube](https://goo.gl/U7Zi18), com produção da Rádio USP, Jornal da USP e TV USP.

.","nômicos e na valorização dos trabalhadores da coleta e reciclagem, com a participação conjunta do governo, da sociedade e das universidades.

---

**Saúde e Meio Ambiente**
A coluna [*Saúde e Meio Ambiente*](https://jornal.usp.br/radio-usp/perfis/paulo-saldiva/), com o professor Paulo Saldiva, vai ao ar toda segunda-feira às 8h, quinzenalmente, na Rádio USP (São Paulo 93,7 ; Ribeirão Preto 107,9 ) e também no [Youtube](https://goo.gl/U7Zi18), com produção da Rádio USP, Jornal da USP e TV USP.

.",APROVADO,"[{""rule"": ""duplicate_byline"", ""reason"": ""byline inicial repete o campo autor"", ""text"": ""Por [Simone Lemos](https://jornal.usp.br/author/silemusp-br/ \""Posts de Simone Lemos\"")""}]"
usp_news_000026,"Morre a professora Angelita Habr-Gama, primeira mulher residente de cirurgia do Hospital das Clínicas da USP",,3469,3469,0,"Professora Emérita Angelita Habr-Gama em entrevista ao canal FMUSP Oficial – Foto: Reprodução/Canal FMUSP Oficial

.
A Professora Emérita da Faculdade de Medicina (FM) da USP, Angelita Habr-Gama, uma das maiores referências mundiais em coloproctologia e pioneira da cirurgia brasileira, morreu no sábado, 30 de maio, aos 92 anos. Desbravadora em um campo historicamente masculino, ela foi a primeira mulher a se tornar professora titular de uma especialidade cirúrgica na Faculdade e a primeira brasi","Professora Emérita Angelita Habr-Gama em entrevista ao canal FMUSP Oficial – Foto: Reprodução/Canal FMUSP Oficial

.
A Professora Emérita da Faculdade de Medicina (FM) da USP, Angelita Habr-Gama, uma das maiores referências mundiais em coloproctologia e pioneira da cirurgia brasileira, morreu no sábado, 30 de maio, aos 92 anos. Desbravadora em um campo historicamente masculino, ela foi a primeira mulher a se tornar professora titular de uma especialidade cirúrgica na Faculdade e a primeira brasi","a a Universidade de São Paulo. É uma liderança que soube, como ninguém, conciliar o rigor científico, a competência técnica na área de cirurgia e o humanismo com que sempre tratou e cuidou de seus pacientes. É uma fonte eterna de inspiração.”, destaca o reitor da USP, Aluisio Segurado. O dirigente, que é médico formado na FM, foi aluno da professora na área de cirurgia do aparelho digestivo.

O velório acontece no teatro da Faculdade de Medicina da USP, neste domingo, 31 de maio, das 15h às 19h.","a a Universidade de São Paulo. É uma liderança que soube, como ninguém, conciliar o rigor científico, a competência técnica na área de cirurgia e o humanismo com que sempre tratou e cuidou de seus pacientes. É uma fonte eterna de inspiração.”, destaca o reitor da USP, Aluisio Segurado. O dirigente, que é médico formado na FM, foi aluno da professora na área de cirurgia do aparelho digestivo.

O velório acontece no teatro da Faculdade de Medicina da USP, neste domingo, 31 de maio, das 15h às 19h.",APROVADO,[]
usp_news_000027,Tecnologia desenvolvida na USP usa IA para identificar riscos no conteúdo digital acessado por crianças e adolescentes,,7089,7089,0,"Aplicativo identifica sinais e comportamentos relevantes na rotina digital de crianças e adolescentes – Foto: Antônio Cruz – [Agência Brasil](https://www12.senado.leg.br/noticias/materias/2025/07/04/projeto-de-lei-busca-reduzir-riscos-e-uso-de-telas-por-criancas-e-adolescentes)

.
O uso de telas por crianças e adolescentes já faz parte da rotina das famílias brasileiras e os números mostram a dimensão desse cenário. Segundo a pesquisa [TIC Kids Online Brasil 2025](https://cetic.br/pt/publicacao/","Aplicativo identifica sinais e comportamentos relevantes na rotina digital de crianças e adolescentes – Foto: Antônio Cruz – [Agência Brasil](https://www12.senado.leg.br/noticias/materias/2025/07/04/projeto-de-lei-busca-reduzir-riscos-e-uso-de-telas-por-criancas-e-adolescentes)

.
O uso de telas por crianças e adolescentes já faz parte da rotina das famílias brasileiras e os números mostram a dimensão desse cenário. Segundo a pesquisa [TIC Kids Online Brasil 2025](https://cetic.br/pt/publicacao/","de produtos inovadores.

O projeto reforça o papel da inovação aplicada como ferramenta estratégica para enfrentar desafios contemporâneos relacionados à infância e adolescência no ambiente digital, aproximando ciência, tecnologia e sociedade em torno de um tema cada vez mais urgente.

Para baixar o aplicativo Infantia Online [clique aqui](https://infantia.online/app-infantia/#baixar-app).

.

*Texto: Raquel Vieira, da Assessoria de Imprensa do Escritório de Grandes Projetos e CEPIx do ICMC-USP*","de produtos inovadores.

O projeto reforça o papel da inovação aplicada como ferramenta estratégica para enfrentar desafios contemporâneos relacionados à infância e adolescência no ambiente digital, aproximando ciência, tecnologia e sociedade em torno de um tema cada vez mais urgente.

Para baixar o aplicativo Infantia Online [clique aqui](https://infantia.online/app-infantia/#baixar-app).

.

*Texto: Raquel Vieira, da Assessoria de Imprensa do Escritório de Grandes Projetos e CEPIx do ICMC-USP*",APROVADO,[]
usp_news_000028,Abertas as inscrições para exposição de pôsteres no Dia do Meio Ambiente,Sofhia Camargo,1109,1013,96,"Por [Sofhia Camargo\*](https://jornal.usp.br/author/sofhiacamargo/ ""Posts de Sofhia Camargo*"")

Estão abertas as inscrições para apresentação de trabalhos na 18ª edição do Dia do Meio Ambiente, que será realizada no dia 10 de junho, das 15h30 às 16h30, com o tema *A Química das Águas*. Podem participar alunos de graduação e pós-graduação do campus, e a inscrição deve ser feita [neste link.](https://docs.google.com/forms/d/e/1FAIpQLSfRiFuWHpD-jgJTCCMqAa8UTZZ0WSZmWbw7JDMgtgvahKPopQ/viewform)

A ex","Estão abertas as inscrições para apresentação de trabalhos na 18ª edição do Dia do Meio Ambiente, que será realizada no dia 10 de junho, das 15h30 às 16h30, com o tema *A Química das Águas*. Podem participar alunos de graduação e pós-graduação do campus, e a inscrição deve ser feita [neste link.](https://docs.google.com/forms/d/e/1FAIpQLSfRiFuWHpD-jgJTCCMqAa8UTZZ0WSZmWbw7JDMgtgvahKPopQ/viewform)

A exposição acontecerá na sala 26 do Departamento de Química, em formato de pôster, cuja produção é ","lidade dos participantes. Os estudantes expositores poderão participar apenas do período da mostra, sem necessidade de acompanhar toda a programação do evento.

Criado em 2006, o PET Química desenvolve atividades de ensino, pesquisa e extensão voltadas à formação acadêmica dos estudantes e à divulgação científica junto à comunidade.

Mais informações: perfil oficial do evento no Instagram [@petquimica\_rp](https://www.instagram.com/petquimica_rp/).

*\*Estagiária sob supervisão de Rose Talamone*","lidade dos participantes. Os estudantes expositores poderão participar apenas do período da mostra, sem necessidade de acompanhar toda a programação do evento.

Criado em 2006, o PET Química desenvolve atividades de ensino, pesquisa e extensão voltadas à formação acadêmica dos estudantes e à divulgação científica junto à comunidade.

Mais informações: perfil oficial do evento no Instagram [@petquimica\_rp](https://www.instagram.com/petquimica_rp/).

*\*Estagiária sob supervisão de Rose Talamone*",APROVADO,"[{""rule"": ""duplicate_byline"", ""reason"": ""byline inicial repete o campo autor"", ""text"": ""Por [Sofhia Camargo\\*](https://jornal.usp.br/author/sofhiacamargo/ \""Posts de Sofhia Camargo*\"")""}]"
usp_news_000029,Conversaria,,674,674,0,"### [PROGRAMAS DA RÁDIO USP](https://jornal.usp.br/editorias/atualidades/)

## conversaria

## Lorem ipsum dolor sit amet, consectetur adipiscing elit. Ut sagittis lobortis tristique. Pellentesque habitant morbi tristique senectus et netus et malesuada fames ac turpis egestas. Pellentesque convallis hendrerit tristique. Nunc rutrum est lectus, et porta quam viverra dapibus. Cras nec volutpat risus, in tempor ipsum.

## Compartilhar:

## PODCAST

## [Conversaria #1](https://jornal.usp.br/podcast/","### [PROGRAMAS DA RÁDIO USP](https://jornal.usp.br/editorias/atualidades/)

## conversaria

## Lorem ipsum dolor sit amet, consectetur adipiscing elit. Ut sagittis lobortis tristique. Pellentesque habitant morbi tristique senectus et netus et malesuada fames ac turpis egestas. Pellentesque convallis hendrerit tristique. Nunc rutrum est lectus, et porta quam viverra dapibus. Cras nec volutpat risus, in tempor ipsum.

## Compartilhar:

## PODCAST

## [Conversaria #1](https://jornal.usp.br/podcast/","ristique. Pellentesque habitant morbi tristique senectus et netus et malesuada fames ac turpis egestas. Pellentesque convallis hendrerit tristique. Nunc rutrum est lectus, et porta quam viverra dapibus. Cras nec volutpat risus, in tempor ipsum.

## Compartilhar:

## PODCAST

## [Conversaria #1](https://jornal.usp.br/podcast/conversaria-1/)

29/05/2026

Apesar de apresentar poucos sintomas ou até mesmo nenhum, a cor amarelada da pele e olhos, febre e mal-estar podem indicar algum tipo de hepatite","ristique. Pellentesque habitant morbi tristique senectus et netus et malesuada fames ac turpis egestas. Pellentesque convallis hendrerit tristique. Nunc rutrum est lectus, et porta quam viverra dapibus. Cras nec volutpat risus, in tempor ipsum.

## Compartilhar:

## PODCAST

## [Conversaria #1](https://jornal.usp.br/podcast/conversaria-1/)

29/05/2026

Apesar de apresentar poucos sintomas ou até mesmo nenhum, a cor amarelada da pele e olhos, febre e mal-estar podem indicar algum tipo de hepatite",APROVADO,[]
usp_news_000030,Livro traz pedagogias e vozes periféricas do hip hop,,2377,2377,0,"Livro é baseado em pesquisa de doutorado defendida na Faculdade de Filosofia, Letras e Ciências Humanas (FFLCH) – Foto: Divulgação

O livro *Hip-Hop: pedagogia e as vozes periféricas* (Giostri Editora), de Cristiane Correia Dias, é resultado do estudo de doutorado da educadora defendido na Faculdade de Filosofia, Letras e Ciências Humanas (FFLCH) da USP. A obra terá seu lançamento na tarde do próximo dia 30 de maio, no pátio da Estação São Bento do metrô, no centro de São Paulo, durante o *Encon","Livro é baseado em pesquisa de doutorado defendida na Faculdade de Filosofia, Letras e Ciências Humanas (FFLCH) – Foto: Divulgação

O livro *Hip-Hop: pedagogia e as vozes periféricas* (Giostri Editora), de Cristiane Correia Dias, é resultado do estudo de doutorado da educadora defendido na Faculdade de Filosofia, Letras e Ciências Humanas (FFLCH) da USP. A obra terá seu lançamento na tarde do próximo dia 30 de maio, no pátio da Estação São Bento do metrô, no centro de São Paulo, durante o *Encon","cidade, suas origens e ligações com o movimento negro.

[0 comments](https://jornal.usp.br/ciencias/o-trajeto-do-rap-dos-bailes-para-as-ruas-e-a-ocupacao-dos-espacos-publicos-em-sp/#respond)

A programação do lançamento prevê um bate-papo, às 15 horas, com Mestre Pê, Juliana Sete, B-girl Cris e DJ Dagoma. A mediação será de Rose MC. Haverá também distribuição gratuita de exemplares do livro a professoras/es da rede pública. Para tanto, basta levar comprovante de atuação. A quantidade é limitada.","cidade, suas origens e ligações com o movimento negro.

[0 comments](https://jornal.usp.br/ciencias/o-trajeto-do-rap-dos-bailes-para-as-ruas-e-a-ocupacao-dos-espacos-publicos-em-sp/#respond)

A programação do lançamento prevê um bate-papo, às 15 horas, com Mestre Pê, Juliana Sete, B-girl Cris e DJ Dagoma. A mediação será de Rose MC. Haverá também distribuição gratuita de exemplares do livro a professoras/es da rede pública. Para tanto, basta levar comprovante de atuação. A quantidade é limitada.",APROVADO,[]
usp_news_000031,Psicologia indígena e impacto social,Danilo Silva Guimarães,6609,6200,409,"Quando ingressei como estudante na Universidade de São Paulo, logo me envolvi com laboratórios e grupos de pesquisa de algumas áreas da psicologia experimental. O modelo de pesquisa que me foi inicialmente apresentado estava baseado em interações de um único turno. Lembro de uma situação em que a pesquisadora me colocou diante de um computador com um algoritmo de frequência de resposta e reforçamento. Ao final do experimento fui perguntado sobre o que eu pensava a respeito do que estaria control","Quando ingressei como estudante na Universidade de São Paulo, logo me envolvi com laboratórios e grupos de pesquisa de algumas áreas da psicologia experimental. O modelo de pesquisa que me foi inicialmente apresentado estava baseado em interações de um único turno. Lembro de uma situação em que a pesquisadora me colocou diante de um computador com um algoritmo de frequência de resposta e reforçamento. Ao final do experimento fui perguntado sobre o que eu pensava a respeito do que estaria control","nitariamente os meios para respondê-las. Os envolvidos se tornam coautores do conhecimento.

\_\_\_\_\_\_\_\_\_\_\_\_\_\_\_\_
*(As opiniões expressas nos artigos publicados no **Jornal da USP** são de inteira responsabilidade de seus autores e não refletem opiniões do veículo nem posições institucionais da Universidade de São Paulo. Acesse aqui nossos [parâmetros editoriais para artigos de opinião](https://jornal.usp.br/noticias/parametros-editoriais-para-artigos-de-opiniao-no-jornal-da-usp/).)*","icar seu próprio percurso e trocar sentidos com o que foi vivenciado pelas outras comunidades construtoras de conhecimento. Aqui, a psicologia é feita com impacto social. Não é mais o pesquisador, apenas, que pergunta ou observa. Os saberes indígenas não são retirados, recortados ou isolados para uma análise exterior. Todos se tornam participantes de um processo no qual emergem perguntas e se constrói comunitariamente os meios para respondê-las. Os envolvidos se tornam coautores do conhecimento.",APROVADO,"[{""rule"": ""generic_opinion_notice"", ""reason"": ""aviso institucional genérico após o artigo"", ""text"": ""\\_\\_\\_\\_\\_\\_\\_\\_\\_\\_\\_\\_\\_\\_\\_\\_\n*(As opiniões expressas nos artigos publicados no **Jornal da USP** são de inteira responsabilidade de seus autores e não refletem opiniões do veículo nem posições institucionais da Universidade de São Paulo. Acesse aqui nossos [parâmetros editoriais para artigos de opinião](https://jornal.usp.br/noticias/parametros-editoriais-para-artigos-de-opiniao-no-jornal-da-usp/).)*""}]"
usp_news_000032,Estudo aponta que representatividade e diversidade entre professores beneficiam formação de alunos,Gustavo Radaelli,3276,3182,94,"Por [Gustavo Radaelli\*](https://jornal.usp.br/author/gustavo/ ""Posts de Gustavo Radaelli*"")

Alunos que se reconhecem em seus professores também se formam e reconhecem seu espaço na sociedade – Foto: [Magnific/Freepik](https://www.magnific.com/free-vector/collection-teacher-people_7970420.htm#fromView=search&page=1&position=16&uuid=574065c5-c47a-40c2-89bc-85b1f66e33a5&query=diversidade+professores)

<https://jornal.usp.br/wp-content/uploads/2026/05/DIVERSIDADE-PROFESSORES_GUSTAVO-RADAELLI.mp3>
","Alunos que se reconhecem em seus professores também se formam e reconhecem seu espaço na sociedade – Foto: [Magnific/Freepik](https://www.magnific.com/free-vector/collection-teacher-people_7970420.htm#fromView=search&page=1&position=16&uuid=574065c5-c47a-40c2-89bc-85b1f66e33a5&query=diversidade+professores)

<https://jornal.usp.br/wp-content/uploads/2026/05/DIVERSIDADE-PROFESSORES_GUSTAVO-RADAELLI.mp3>

Segundo estudos realizados por Paulo Freire, o ambiente educacional não é neutro e alunos e d","a diversidade da composição dos corpos docentes é uma urgência”.

O professor destaca que o rendimento dos alunos é ampliado quando ele tem reconhecimento e proximidade com seus professores, apresentando maior engajamento nos estudos. Relembrando as pesquisas de Paulo Freire, Ghanem enfatiza a necessidade de maior diversidade nas escolas e universidades e a construção de uma aliança e valorização dos professores na resolução de necessidades atuais da sociedade.

\*Sob orientação de Márcia Avanza","a diversidade da composição dos corpos docentes é uma urgência”.

O professor destaca que o rendimento dos alunos é ampliado quando ele tem reconhecimento e proximidade com seus professores, apresentando maior engajamento nos estudos. Relembrando as pesquisas de Paulo Freire, Ghanem enfatiza a necessidade de maior diversidade nas escolas e universidades e a construção de uma aliança e valorização dos professores na resolução de necessidades atuais da sociedade.

\*Sob orientação de Márcia Avanza",APROVADO,"[{""rule"": ""duplicate_byline"", ""reason"": ""byline inicial repete o campo autor"", ""text"": ""Por [Gustavo Radaelli\\*](https://jornal.usp.br/author/gustavo/ \""Posts de Gustavo Radaelli*\"")""}]"
usp_news_000033,Currículo eurocêntrico apaga culturas africanas desde a pré-escola,Mariana Gaia,8158,8066,92,"Por [Mariana Gaia\*](https://jornal.usp.br/author/mariana-festa/ ""Posts de Mariana Gaia*"")

Pesquisadora analisou currículos da educação infantil de Mauá e aponta ausência de referências afro-brasileiras mesmo após duas décadas da Lei 10.639 – Foto: Marcos Santos / USP Imagens

Apesar dos discursos institucionais sobre diversidade, o currículo da educação infantil de Mauá, na Grande São Paulo, ainda reproduz uma lógica eurocêntrica que invisibiliza saberes africanos e afro-brasileiros. A conclus","Pesquisadora analisou currículos da educação infantil de Mauá e aponta ausência de referências afro-brasileiras mesmo após duas décadas da Lei 10.639 – Foto: Marcos Santos / USP Imagens

Apesar dos discursos institucionais sobre diversidade, o currículo da educação infantil de Mauá, na Grande São Paulo, ainda reproduz uma lógica eurocêntrica que invisibiliza saberes africanos e afro-brasileiros. A conclusão é da dissertação de mestrado da pesquisadora Milena Maimone Castilho, *Currículo como ter","rancos na luta antirracista*, da professora Denise Carreira, da Faculdade de Educação (FE) da USP, ela conclui: “Eu ouvi de algumas pessoas que a pessoa branca não tem lugar na luta antirracista e discordo disso. A luta antirracista é de todos. De qualquer um que se disponha a lutar contra o preconceito, a lutar contra a discriminação, a lutar por um projeto de sociedade que seja antirracista, que respeite todos, que reconheça o valor de cada um”.

*\*Estagiária sob supervisão de Silvana Salles*","rancos na luta antirracista*, da professora Denise Carreira, da Faculdade de Educação (FE) da USP, ela conclui: “Eu ouvi de algumas pessoas que a pessoa branca não tem lugar na luta antirracista e discordo disso. A luta antirracista é de todos. De qualquer um que se disponha a lutar contra o preconceito, a lutar contra a discriminação, a lutar por um projeto de sociedade que seja antirracista, que respeite todos, que reconheça o valor de cada um”.

*\*Estagiária sob supervisão de Silvana Salles*",APROVADO,"[{""rule"": ""duplicate_byline"", ""reason"": ""byline inicial repete o campo autor"", ""text"": ""Por [Mariana Gaia\\*](https://jornal.usp.br/author/mariana-festa/ \""Posts de Mariana Gaia*\"")""}]"
usp_news_000034,Exposição no MAC mostra a obra e a trajetória de Gilvan Samico,,4491,4011,480,"## Exposição no MAC mostra a obra e a trajetória de Gilvan Samico

## Até 7 de junho, o Museu de Arte Contemporânea da USP exibe trabalhos do artista pernambucano doados pelo casal Vivianne e Joaquim Falcão

Publicado: 29/05/2026 às 14:41

## Texto: Nina Nassar\*

## Arte: Livia Bortoletto\*\*

Obra de Gilvan Samico, em exposição no Museu de Arte Contemporânea (MAC) da USP – Foto: MAC-USP

Até 7 de junho, fica em cartaz no Museu de Arte Contemporânea (MAC) da USP a exposição *Fabulações de Gilva","## Até 7 de junho, o Museu de Arte Contemporânea da USP exibe trabalhos do artista pernambucano doados pelo casal Vivianne e Joaquim Falcão

Publicado: 29/05/2026 às 14:41

## Texto: Nina Nassar\*

## Arte: Livia Bortoletto\*\*

Obra de Gilvan Samico, em exposição no Museu de Arte Contemporânea (MAC) da USP – Foto: MAC-USP

Até 7 de junho, fica em cartaz no Museu de Arte Contemporânea (MAC) da USP a exposição *Fabulações de Gilvan Samico: Doação Vivianne e Joaquim Falcão*. A mostra traz uma sele","ra/museu-de-arte-contemporanea-da-usp-recebe-doacao-de-obras-do-artista-gilvan-samico/)

---

**Política de uso**
A reprodução de matérias e fotografias é livre mediante a citação do Jornal da USP e do autor. No caso dos arquivos de áudio, deverão constar dos créditos a Rádio USP e, em sendo explicitados, os autores. Para uso de arquivos de vídeo, esses créditos deverão mencionar a TV USP e, caso estejam explicitados, os autores. Fotos devem ser creditadas como USP Imagens e o nome do fotógrafo.","AL-01_09-04-26_MAC_EXPOSICAO-1.mp3>

*\* Estagiária sob supervisão de Marcello Rollemberg e Roberto C. G. Castro*

*\* Estagiária sob supervisão de Simone Gomes*

O artista Gilvan Samico (1928-2013) - Foto: [Wikimedia Commons](https://pt.wikipedia.org/wiki/Ficheiro:Gilvan_Samico.jpeg)

## Leia +

## [Museu de Arte Contemporânea da USP recebe doação de obras do artista Gilvan Samico](https://jornal.usp.br/cultura/museu-de-arte-contemporanea-da-usp-recebe-doacao-de-obras-do-artista-gilvan-samico/)",APROVADO,"[{""rule"": ""duplicate_leading_title"", ""reason"": ""primeiro bloco repete o campo titulo"", ""text"": ""## Exposição no MAC mostra a obra e a trajetória de Gilvan Samico""}, {""rule"": ""generic_reuse_credits"", ""reason"": ""política institucional geral após o artigo"", ""text"": ""**Política de uso**\nA reprodução de matérias e fotografias é livre mediante a citação do Jornal da USP e do autor. No caso dos arquivos de áudio, deverão constar dos créditos a Rádio USP e, em sendo explicitados, os autores. Para uso de arquivos de vídeo, esses créditos deverão mencionar a TV USP e, caso estejam explicitados, os autores. Fotos devem ser creditadas como USP Imagens e o nome do fotógrafo.""}, {""rule"": ""generic_reuse_separator"", ""reason"": ""separador do bloco institucional removido"", ""text"": ""---""}]"
usp_news_000035,Mobilidade urbana e o futuro do transporte público no Brasil,,7480,7071,409,"Amaury José Rezende – Foto: Marcos Santos / USP Imagens

André Almeida Morais – Foto: Arquivo pessoal

Leandro Martins – Foto: Arquivo pessoal

São Paulo, junho de 2013. O Brasil apresentava sinais de desaceleração econômica e crescente insatisfação com a qualidade dos serviços públicos. Nesse contexto, o reajuste de R$ 0,20 na tarifa do transporte coletivo na cidade de São Paulo desencadeou uma onda de manifestações que rapidamente ultrapassou a questão tarifária.

A frase “não é só por 20 cent","Amaury José Rezende – Foto: Marcos Santos / USP Imagens

André Almeida Morais – Foto: Arquivo pessoal

Leandro Martins – Foto: Arquivo pessoal

São Paulo, junho de 2013. O Brasil apresentava sinais de desaceleração econômica e crescente insatisfação com a qualidade dos serviços públicos. Nesse contexto, o reajuste de R$ 0,20 na tarifa do transporte coletivo na cidade de São Paulo desencadeou uma onda de manifestações que rapidamente ultrapassou a questão tarifária.

A frase “não é só por 20 cent","ado — estável, integrada e orientada pela experiência concreta e pelo bem-estar do cidadão.

\_\_\_\_\_\_\_\_\_\_\_\_\_\_\_\_
*(As opiniões expressas nos artigos publicados no **Jornal da USP** são de inteira responsabilidade de seus autores e não refletem opiniões do veículo nem posições institucionais da Universidade de São Paulo. Acesse aqui nossos [parâmetros editoriais para artigos de opinião](https://jornal.usp.br/noticias/parametros-editoriais-para-artigos-de-opiniao-no-jornal-da-usp/).)*","e garante o acesso equitativo ao espaço urbano e às oportunidades econômicas.

O verdadeiro desafio da política pública de mobilidade urbana no Brasil contemporâneo é construir arranjos institucionais que permitam projetar o futuro enquanto se entregam respostas concretas no presente. Planejar melhor o transporte é fortalecer a democracia cotidiana, transformando o transporte público em uma política de Estado — estável, integrada e orientada pela experiência concreta e pelo bem-estar do cidadão.",APROVADO,"[{""rule"": ""generic_opinion_notice"", ""reason"": ""aviso institucional genérico após o artigo"", ""text"": ""\\_\\_\\_\\_\\_\\_\\_\\_\\_\\_\\_\\_\\_\\_\\_\\_\n*(As opiniões expressas nos artigos publicados no **Jornal da USP** são de inteira responsabilidade de seus autores e não refletem opiniões do veículo nem posições institucionais da Universidade de São Paulo. Acesse aqui nossos [parâmetros editoriais para artigos de opinião](https://jornal.usp.br/noticias/parametros-editoriais-para-artigos-de-opiniao-no-jornal-da-usp/).)*""}]"
usp_news_000036,"Livro da Fuvest 2027, “Memórias de Martha” é tema de palestra na USP",Claudia Costa,4128,4037,91,"Por [Claudia Costa](https://jornal.usp.br/author/cfcostausp-br/ ""Posts de Claudia Costa"")

*Memórias de Martha*, livro obrigatório da Fuvest, é tema da próxima aula na Biblioteca Brasiliana Guita e José Mindlin – Foto: Julia Forner/BBM-USP

Publicado originalmente em folhetim em 1888, e editado como livro somente em 1899, *Memórias de Martha* é o primeiro romance de Júlia Lopes de Almeida, e leitura obrigatória para o Vestibular de 2027 da Fuvest. O livro é tema da aula do projeto BBM no Vestibu","*Memórias de Martha*, livro obrigatório da Fuvest, é tema da próxima aula na Biblioteca Brasiliana Guita e José Mindlin – Foto: Julia Forner/BBM-USP

Publicado originalmente em folhetim em 1888, e editado como livro somente em 1899, *Memórias de Martha* é o primeiro romance de Júlia Lopes de Almeida, e leitura obrigatória para o Vestibular de 2027 da Fuvest. O livro é tema da aula do projeto BBM no Vestibular, promovida pela Biblioteca Brasiliana Guita e José Mindlin (BBM). O encontro acontecerá","itores, aproximando o grande público do universo científico e acadêmico.

**Projeto BBM no Vestibular – Memórias de Martha, de Júlia Lopes de Almeida**
Data: 10 de junho, às 18h
Local: Auditório István Jancsó, no Espaço Brasiliana
Endereço: Rua da Biblioteca, 21, Cidade Universitária, Butantã, São Paulo
Gratuito, com inscrições no link disponível no [Instagram](https://www.instagram.com/bbmusp/)Transmissão on-line pelo [canal do YouTube da biblioteca](https://www.youtube.com/watch?v=7vjlEhGQGng)","itores, aproximando o grande público do universo científico e acadêmico.

**Projeto BBM no Vestibular – Memórias de Martha, de Júlia Lopes de Almeida**
Data: 10 de junho, às 18h
Local: Auditório István Jancsó, no Espaço Brasiliana
Endereço: Rua da Biblioteca, 21, Cidade Universitária, Butantã, São Paulo
Gratuito, com inscrições no link disponível no [Instagram](https://www.instagram.com/bbmusp/)Transmissão on-line pelo [canal do YouTube da biblioteca](https://www.youtube.com/watch?v=7vjlEhGQGng)",APROVADO,"[{""rule"": ""duplicate_byline"", ""reason"": ""byline inicial repete o campo autor"", ""text"": ""Por [Claudia Costa](https://jornal.usp.br/author/cfcostausp-br/ \""Posts de Claudia Costa\"")""}]"
usp_news_000037,"Referência em patrimônio cultural e urbanismo histórico, Gabor Sonkoly participa de encontros na USP",,3963,3963,0,"Foto: Reprodução/[Facebook](https://www.facebook.com/ehl.bureau/videos/g%C3%A1bor-sonkoly/495170953393356/)

.
Cidades guardam histórias em ruas, edifícios, monumentos e memórias coletivas. Mas como os conceitos de patrimônio urbano, autenticidade e identidade cultural se transformaram ao longo do tempo? Essas questões estarão no centro do *Ciclo Gábor Sonkoly*, promovido pelo Instituto de Estudos Avançados (IEA) da USP nos dias 1º, 3, 11 e 15 de junho, a partir das 10h. A série de encontros reu","Foto: Reprodução/[Facebook](https://www.facebook.com/ehl.bureau/videos/g%C3%A1bor-sonkoly/495170953393356/)

.
Cidades guardam histórias em ruas, edifícios, monumentos e memórias coletivas. Mas como os conceitos de patrimônio urbano, autenticidade e identidade cultural se transformaram ao longo do tempo? Essas questões estarão no centro do *Ciclo Gábor Sonkoly*, promovido pelo Instituto de Estudos Avançados (IEA) da USP nos dias 1º, 3, 11 e 15 de junho, a partir das 10h. A série de encontros reu","tirá perspectivas internacionais para a preservação cultural em contextos de crise e transformação social.

*Ciclo Gábor Sonkoly*
Data: 1º, 3, 11 e 15 de junho de 2026, às 10h
Instituto de Estudos Avançados (IEA) da USP
Inscrições [neste link](https://www.iea.usp.br/eventos/ciclos/ciclo-gabor-sonkoly) (clicando em cada evento)
Transmissão ao vivo [pelo canal do IEA no YouTube](https://www.youtube.com/@iea-usp)

.

*Texto adaptado de Fernanda Rezende, da Divisão Técnica de Comunicação do IEA-USP*","tirá perspectivas internacionais para a preservação cultural em contextos de crise e transformação social.

*Ciclo Gábor Sonkoly*
Data: 1º, 3, 11 e 15 de junho de 2026, às 10h
Instituto de Estudos Avançados (IEA) da USP
Inscrições [neste link](https://www.iea.usp.br/eventos/ciclos/ciclo-gabor-sonkoly) (clicando em cada evento)
Transmissão ao vivo [pelo canal do IEA no YouTube](https://www.youtube.com/@iea-usp)

.

*Texto adaptado de Fernanda Rezende, da Divisão Técnica de Comunicação do IEA-USP*",APROVADO,[]
usp_news_000038,Inscrições abertas para curso que usa orquídeas como modelo para estudar biologia e conservação,Sofhia Camargo,2073,1977,96,"Por [Sofhia Camargo\*](https://jornal.usp.br/author/sofhiacamargo/ ""Posts de Sofhia Camargo*"")

O curso não tem como foco o cultivo de orquídeas – Foto: Freepik

Estão abertas as inscrições para a 10ª edição do *Curso de Orquídeas*, que será realizado entre os dias 15 e 18 de junho, das 19h às 22h, no campus da USP Ribeirão Preto. Gratuito, o curso é promovido pelo Laboratório de Biologia Molecular e Biossistemática de Plantas (LBMBP) da Faculdade de Filosofia, Ciências e Letras de Ribeirão Pret","O curso não tem como foco o cultivo de orquídeas – Foto: Freepik

Estão abertas as inscrições para a 10ª edição do *Curso de Orquídeas*, que será realizado entre os dias 15 e 18 de junho, das 19h às 22h, no campus da USP Ribeirão Preto. Gratuito, o curso é promovido pelo Laboratório de Biologia Molecular e Biossistemática de Plantas (LBMBP) da Faculdade de Filosofia, Ciências e Letras de Ribeirão Preto (FFCLRP) da USP, e oferece 30 vagas; os interessados podem se inscrever até 5 de junho [neste ","as contribui para a compreensão da evolução das plantas e para a conservação da flora brasileira.

O LBMBP desenvolve pesquisas sobre evolução vegetal, com ênfase em orquídeas, investigando aspectos como polinização, biologia reprodutiva e conservação. O laboratório também mantém um orquidário utilizado em atividades de pesquisa, ensino e preservação de espécies ameaçadas.

Mais informações: [epansarin@ffclrp.usp.br](mailto:epansarin@ffclrp.usp.br)

*\*Estagiária sob supervisão de Rose Talamone*","as contribui para a compreensão da evolução das plantas e para a conservação da flora brasileira.

O LBMBP desenvolve pesquisas sobre evolução vegetal, com ênfase em orquídeas, investigando aspectos como polinização, biologia reprodutiva e conservação. O laboratório também mantém um orquidário utilizado em atividades de pesquisa, ensino e preservação de espécies ameaçadas.

Mais informações: [epansarin@ffclrp.usp.br](mailto:epansarin@ffclrp.usp.br)

*\*Estagiária sob supervisão de Rose Talamone*",APROVADO,"[{""rule"": ""duplicate_byline"", ""reason"": ""byline inicial repete o campo autor"", ""text"": ""Por [Sofhia Camargo\\*](https://jornal.usp.br/author/sofhiacamargo/ \""Posts de Sofhia Camargo*\"")""}]"
usp_news_000039,Cruesp divulga nota sobre negociação da campanha salarial com Fórum das Seis,Adriana Cruz,1735,1648,87,"Por [Adriana Cruz](https://jornal.usp.br/author/acruzusp-br/ ""Posts de Adriana Cruz"")

O Conselho de Reitores das Universidades Estaduais Paulistas (Cruesp) divulgou hoje, dia 29 de maio, um comunicado a respeito do processo de negociação da campanha salarial dos docentes e servidores técnicos e administrativos da USP, da Universidade Estadual Paulista (Unesp) e da Universidade Estadual de Campinas (Unicamp).

Leia, a seguir, a íntegra da nota *(clique [aqui](https://cruesp.sp.gov.br/wp-content/","O Conselho de Reitores das Universidades Estaduais Paulistas (Cruesp) divulgou hoje, dia 29 de maio, um comunicado a respeito do processo de negociação da campanha salarial dos docentes e servidores técnicos e administrativos da USP, da Universidade Estadual Paulista (Unesp) e da Universidade Estadual de Campinas (Unicamp).

Leia, a seguir, a íntegra da nota *(clique [aqui](https://cruesp.sp.gov.br/wp-content/uploads/sites/620/2026/05/nota-cruesp-29maio26.pdf) para acessar o arquivo em PDF)*.

*",", esclareceram que as negociações deverão ter continuidade ao longo de 2026, tão logo o quadro econômico da arrecadação do Estado de São Paulo apresente novos dados e permita avaliações mais precisas do cenário fiscal.
- Diante do contexto atual de arrecadação, o Cruesp apresentou uma proposta de reajuste salarial que busca preservar o poder aquisitivo dos salários, sem comprometer o equilíbrio financeiro das universidades públicas paulistas.

Maysa Furlan
Presidente do Cruesp e reitora da Unesp",", esclareceram que as negociações deverão ter continuidade ao longo de 2026, tão logo o quadro econômico da arrecadação do Estado de São Paulo apresente novos dados e permita avaliações mais precisas do cenário fiscal.
- Diante do contexto atual de arrecadação, o Cruesp apresentou uma proposta de reajuste salarial que busca preservar o poder aquisitivo dos salários, sem comprometer o equilíbrio financeiro das universidades públicas paulistas.

Maysa Furlan
Presidente do Cruesp e reitora da Unesp",APROVADO,"[{""rule"": ""duplicate_byline"", ""reason"": ""byline inicial repete o campo autor"", ""text"": ""Por [Adriana Cruz](https://jornal.usp.br/author/acruzusp-br/ \""Posts de Adriana Cruz\"")""}]"
usp_news_000040,Programa Universitário por um Dia celebra uma década de aproximação entre escola e Universidade,Felipe Medeiros,3850,3755,95,"Por [Felipe Medeiros\*](https://jornal.usp.br/author/flmedeiros/ ""Posts de Felipe Medeiros*"")

Estudantes e professores do ensino médio participantes do programa Universitário por um Dia, juntamente com os monitores, exibindo os certificados de participação em frente à entrada do prédio central da EERP – Foto: Monitores do programa

A Escola de Enfermagem de Ribeirão Preto (EERP) da USP promove, no dia 9 de junho, das 10h às 12h, um evento comemorativo pelos dez anos do programa Universitário po","Estudantes e professores do ensino médio participantes do programa Universitário por um Dia, juntamente com os monitores, exibindo os certificados de participação em frente à entrada do prédio central da EERP – Foto: Monitores do programa

A Escola de Enfermagem de Ribeirão Preto (EERP) da USP promove, no dia 9 de junho, das 10h às 12h, um evento comemorativo pelos dez anos do programa Universitário por um Dia, iniciativa extensionista voltada à aproximação de estudantes do ensino médio com a Un"," participaram das atividades ainda durante o ensino médio.

Além do impacto voltado aos estudantes visitantes, o Universitário por um Dia também possui caráter formativo para os alunos da EERP envolvidos na organização das atividades. A atuação como monitores e bolsistas extensionistas contribui para o desenvolvimento de competências relacionadas à comunicação, liderança, acolhimento e compromisso social.

*\*Estagiário sob supervisão de Rose Talamone, com informações da coordenação do programa*"," participaram das atividades ainda durante o ensino médio.

Além do impacto voltado aos estudantes visitantes, o Universitário por um Dia também possui caráter formativo para os alunos da EERP envolvidos na organização das atividades. A atuação como monitores e bolsistas extensionistas contribui para o desenvolvimento de competências relacionadas à comunicação, liderança, acolhimento e compromisso social.

*\*Estagiário sob supervisão de Rose Talamone, com informações da coordenação do programa*",APROVADO,"[{""rule"": ""duplicate_byline"", ""reason"": ""byline inicial repete o campo autor"", ""text"": ""Por [Felipe Medeiros\\*](https://jornal.usp.br/author/flmedeiros/ \""Posts de Felipe Medeiros*\"")""}]"
usp_news_000041,CEM transforma dados urbanos em ferramenta para pesquisas e políticas públicas,Talita de Paula Souza,3772,3656,116,"Por [Talita de Paula Souza\*](https://jornal.usp.br/author/talitapaula12usp-br/ ""Posts de Talita de Paula Souza*"")

Nas últimas décadas houve ampliação do acesso à internet, o surgimento de softwares gratuitos e o avanço de ferramentas como imagens de satélite e sistemas interativos – Foto: Daniel Waldvogel Thomé da Silva/CEM

<https://jornal.usp.br/wp-content/uploads/2026/05/CENTRO-DE-ESTUDO-DA-METROPOLE_PROFoo_EDUARDO-MARQUES.mp3>

O [Centro de Estudos da Metrópole (CEM)](https://centrodametro","Nas últimas décadas houve ampliação do acesso à internet, o surgimento de softwares gratuitos e o avanço de ferramentas como imagens de satélite e sistemas interativos – Foto: Daniel Waldvogel Thomé da Silva/CEM

<https://jornal.usp.br/wp-content/uploads/2026/05/CENTRO-DE-ESTUDO-DA-METROPOLE_PROFoo_EDUARDO-MARQUES.mp3>

O [Centro de Estudos da Metrópole (CEM)](https://centrodametropole.fflch.usp.br/pt-br/quem-somos/quem-somos-missao-e-objetivos?utm_source=chatgpt.com) é sediado na Universidade d","imentos em sistemas de informação geográfica, mas ressalta que o avanço tecnológico tornou essas ferramentas mais acessíveis nos últimos anos. Segundo ele, além da existência de softwares gratuitos e cursos disponíveis na internet, plataformas desenvolvidas pelo próprio CEM permitem que usuários sem formação técnica especializada possam visualizar mapas, sobrepor dados e compreender padrões territoriais. Atualmente, as bases produzidas pelo centro podem ser acessadas gratuitamente pela internet.","imentos em sistemas de informação geográfica, mas ressalta que o avanço tecnológico tornou essas ferramentas mais acessíveis nos últimos anos. Segundo ele, além da existência de softwares gratuitos e cursos disponíveis na internet, plataformas desenvolvidas pelo próprio CEM permitem que usuários sem formação técnica especializada possam visualizar mapas, sobrepor dados e compreender padrões territoriais. Atualmente, as bases produzidas pelo centro podem ser acessadas gratuitamente pela internet.",APROVADO,"[{""rule"": ""duplicate_byline"", ""reason"": ""byline inicial repete o campo autor"", ""text"": ""Por [Talita de Paula Souza\\*](https://jornal.usp.br/author/talitapaula12usp-br/ \""Posts de Talita de Paula Souza*\"")""}]"
usp_news_000042,USP Ribeirão Preto promove quarta edição do Bike Tour com passeio histórico e arrecadação solidária,Felipe Medeiros,1945,1850,95,"Por [Felipe Medeiros\*](https://jornal.usp.br/author/flmedeiros/ ""Posts de Felipe Medeiros*"")

Com proposta esportiva e recreativa, o passeio vai aproximar os participantes da história, arquitetura e áreas verdes do campus – Foto: Divulgação da organização

O campus de Ribeirão Preto da USP recebe, no dia 28 de junho, às 7h30, a quarta edição do Campus USP Bike Tour, evento gratuito que une atividade física, contato com a natureza, patrimônio histórico e ação solidária. A iniciativa é aberta par","Com proposta esportiva e recreativa, o passeio vai aproximar os participantes da história, arquitetura e áreas verdes do campus – Foto: Divulgação da organização

O campus de Ribeirão Preto da USP recebe, no dia 28 de junho, às 7h30, a quarta edição do Campus USP Bike Tour, evento gratuito que une atividade física, contato com a natureza, patrimônio histórico e ação solidária. A iniciativa é aberta para toda a comunidade e os interessados devem se inscrever por meio do formulário disponível [nes","e, em uma experiência que une lazer, sustentabilidade e valorização do patrimônio universitário.

A quarta edição do Campus USP Bike Tour é promovida pela Comissão do Campus do Programa USP Recicla, Superintendência de Gestão Ambiental (SGA), Comissão de Gestão Ambiental da Faculdade de Medicina de Ribeirão Preto (CGA/FMRP) e Faculdade de Odontologia de Ribeirão Preto (Forp). O evento conta ainda com apoio da Prefeitura do Campus (PUSP-RP), do Cefer e da Outbike.

Mais informações: sga-rp@usp.br","e, em uma experiência que une lazer, sustentabilidade e valorização do patrimônio universitário.

A quarta edição do Campus USP Bike Tour é promovida pela Comissão do Campus do Programa USP Recicla, Superintendência de Gestão Ambiental (SGA), Comissão de Gestão Ambiental da Faculdade de Medicina de Ribeirão Preto (CGA/FMRP) e Faculdade de Odontologia de Ribeirão Preto (Forp). O evento conta ainda com apoio da Prefeitura do Campus (PUSP-RP), do Cefer e da Outbike.

Mais informações: sga-rp@usp.br",APROVADO,"[{""rule"": ""duplicate_byline"", ""reason"": ""byline inicial repete o campo autor"", ""text"": ""Por [Felipe Medeiros\\*](https://jornal.usp.br/author/flmedeiros/ \""Posts de Felipe Medeiros*\"")""}]"
usp_news_000043,Canabidiol ganha espaço no esporte como aliado na recuperação muscular,Luis Martins,6120,6030,90,"Por [Luis Martins\*](https://jornal.usp.br/author/luismartins/ ""Posts de Luis Martins*"")

Com ação anti-inflamatória e antioxidante, o CBD apresenta resultados positivos na possibilidade de recuperação muscular mais rápida em atletas – Foto: [Freepik](https://br.freepik.com/fotos-gratis/arranjo-de-tratamento-com-cbd-vida-morta_133760257.htm#fromView=keyword&page=1&position=0&uuid=5a7e0fda-8bf7-4414-93b9-b484d1a6a143&query=Cannabis+medicinal)

<https://jornal.usp.br/wp-content/uploads/2026/05/CAN","Com ação anti-inflamatória e antioxidante, o CBD apresenta resultados positivos na possibilidade de recuperação muscular mais rápida em atletas – Foto: [Freepik](https://br.freepik.com/fotos-gratis/arranjo-de-tratamento-com-cbd-vida-morta_133760257.htm#fromView=keyword&page=1&position=0&uuid=5a7e0fda-8bf7-4414-93b9-b484d1a6a143&query=Cannabis+medicinal)

<https://jornal.usp.br/wp-content/uploads/2026/05/CANABIDIOL-NO-ESPORTE-LUIS-MARTINS.mp3>

Com calendários cada vez mais apertados e a exigênci","requência de uso”, afirma a pesquisadora.

Alline também alerta para os riscos da automedicação, tanto com anti-inflamatórios quanto com produtos à base de canabidiol, e reforça que o uso inadequado dessas substâncias pode trazer prejuízos à saúde, especialmente em atletas submetidos a esforço físico constante.

“O uso de qualquer medicamento em excesso ou sem acompanhamento traz riscos à saúde. Por isso, é importante evitar a automedicação e sempre buscar acompanhamento profissional”, finaliza.","requência de uso”, afirma a pesquisadora.

Alline também alerta para os riscos da automedicação, tanto com anti-inflamatórios quanto com produtos à base de canabidiol, e reforça que o uso inadequado dessas substâncias pode trazer prejuízos à saúde, especialmente em atletas submetidos a esforço físico constante.

“O uso de qualquer medicamento em excesso ou sem acompanhamento traz riscos à saúde. Por isso, é importante evitar a automedicação e sempre buscar acompanhamento profissional”, finaliza.",APROVADO,"[{""rule"": ""duplicate_byline"", ""reason"": ""byline inicial repete o campo autor"", ""text"": ""Por [Luis Martins\\*](https://jornal.usp.br/author/luismartins/ \""Posts de Luis Martins*\"")""}]"
usp_news_000044,Crescimento da prática esportiva impulsiona busca por eficiência na suplementação,Luis Martins,5944,5854,90,"Por [Luis Martins\*](https://jornal.usp.br/author/luismartins/ ""Posts de Luis Martins*"")

Triatleta Ana Laura Almeida durante prova de Ironman 70.3 Aracaju, na etapa de ciclismo da competição – Foto: Arquivo pessoal/IronMan

<https://jornal.usp.br/wp-content/uploads/2026/05/SUPLEMENTOS-ABSORCAO-LUIS-MARTINS.mp3>

Com o aumento da prática de atividade física, cresce também a procura por suplementos voltados à recuperação muscular, desempenho e qualidade de vida, tanto por atletas quanto por prati","Triatleta Ana Laura Almeida durante prova de Ironman 70.3 Aracaju, na etapa de ciclismo da competição – Foto: Arquivo pessoal/IronMan

<https://jornal.usp.br/wp-content/uploads/2026/05/SUPLEMENTOS-ABSORCAO-LUIS-MARTINS.mp3>

Com o aumento da prática de atividade física, cresce também a procura por suplementos voltados à recuperação muscular, desempenho e qualidade de vida, tanto por atletas quanto por praticantes não profissionais. Nesse cenário, a preocupação deixou de estar centrada apenas no ","or desempenho e qualidade de vida, a recuperação física passou a ocupar papel central na rotina de atletas e praticantes de atividade física. Nesse cenário, a suplementação deixou de ser vista apenas como apoio ao treino e passou a estar associada também à eficiência na absorção dos nutrientes, fator que pode influenciar diretamente a resposta do organismo, a manutenção do rendimento e a capacidade de recuperação ao longo do tempo.

\**Estagiário sob supervisão de Ferraz Junior e Gabriel Soares*","or desempenho e qualidade de vida, a recuperação física passou a ocupar papel central na rotina de atletas e praticantes de atividade física. Nesse cenário, a suplementação deixou de ser vista apenas como apoio ao treino e passou a estar associada também à eficiência na absorção dos nutrientes, fator que pode influenciar diretamente a resposta do organismo, a manutenção do rendimento e a capacidade de recuperação ao longo do tempo.

\**Estagiário sob supervisão de Ferraz Junior e Gabriel Soares*",APROVADO,"[{""rule"": ""duplicate_byline"", ""reason"": ""byline inicial repete o campo autor"", ""text"": ""Por [Luis Martins\\*](https://jornal.usp.br/author/luismartins/ \""Posts de Luis Martins*\"")""}]"
usp_news_000045,Global study shows varied trend in obesity worldwide and criticizes the term epidemic,,13955,13452,503,"## Global study shows varied trend in obesity worldwide and criticizes the term epidemic

## Obesity rates have increased on almost every continent over the past 40 years, but have plateaued in some regions. Trends vary among adults, children and adolescents, reaching the highest level among girls in 110 countries

Publicado: 29/05/2026 às 9:27 Atualizado: 01/06/2026 às 13:56

## By: Tabita Said

## Art by: Simone Gomes

Obesity is growing rapidly in low- and middle-income countries, driven by s","## Obesity rates have increased on almost every continent over the past 40 years, but have plateaued in some regions. Trends vary among adults, children and adolescents, reaching the highest level among girls in 110 countries

Publicado: 29/05/2026 às 9:27 Atualizado: 01/06/2026 às 13:56

## By: Tabita Said

## Art by: Simone Gomes

Obesity is growing rapidly in low- and middle-income countries, driven by social, economic and technological factors, with minimal effects from the use of injectable","citados, os autores. Fotos devem ser creditadas como USP Imagens e o nome do fotógrafo.

---

**Política de uso**
A reprodução de matérias e fotografias é livre mediante a citação do Jornal da USP e do autor. No caso dos arquivos de áudio, deverão constar dos créditos a Rádio USP e, em sendo explicitados, os autores. Para uso de arquivos de vídeo, esses créditos deverão mencionar a TV USP e, caso estejam explicitados, os autores. Fotos devem ser creditadas como USP Imagens e o nome do fotógrafo.","c.uk, with Majid Ezzati.

**English version: Nexus Traduções, edited by Denis Pacheco**

---

**Política de uso**
A reprodução de matérias e fotografias é livre mediante a citação do Jornal da USP e do autor. No caso dos arquivos de áudio, deverão constar dos créditos a Rádio USP e, em sendo explicitados, os autores. Para uso de arquivos de vídeo, esses créditos deverão mencionar a TV USP e, caso estejam explicitados, os autores. Fotos devem ser creditadas como USP Imagens e o nome do fotógrafo.",APROVADO,"[{""rule"": ""duplicate_leading_title"", ""reason"": ""primeiro bloco repete o campo titulo"", ""text"": ""## Global study shows varied trend in obesity worldwide and criticizes the term epidemic""}, {""rule"": ""generic_reuse_credits"", ""reason"": ""política institucional geral após o artigo"", ""text"": ""**Política de uso**\nA reprodução de matérias e fotografias é livre mediante a citação do Jornal da USP e do autor. No caso dos arquivos de áudio, deverão constar dos créditos a Rádio USP e, em sendo explicitados, os autores. Para uso de arquivos de vídeo, esses créditos deverão mencionar a TV USP e, caso estejam explicitados, os autores. Fotos devem ser creditadas como USP Imagens e o nome do fotógrafo.""}, {""rule"": ""generic_reuse_separator"", ""reason"": ""separador do bloco institucional removido"", ""text"": ""---""}]"
usp_news_000046,Aula aberta vai discutir espiritualidade durante tratamento de oncologia,Vitória Gomes,1266,1172,94,"Por [Vitória Gomes\*](https://jornal.usp.br/author/vitoria-gomes/ ""Posts de Vitória Gomes*"")

Na próxima segunda-feira, dia 1º de junho, às 12h45, a Liga de Espiritualidade em Saúde e Cuidados Paliativos (LESCP) da Faculdade de Medicina de Ribeirão Preto (FMRP) da USP promove mais uma aula aberta com o tema *Espiritualidade em Oncologia,* que discutirá temas que atravessam a questão da fé e crença durante o tratamento oncológico. O evento será na Sala 1C do Bloco Didático da FMRP e os interessad","Na próxima segunda-feira, dia 1º de junho, às 12h45, a Liga de Espiritualidade em Saúde e Cuidados Paliativos (LESCP) da Faculdade de Medicina de Ribeirão Preto (FMRP) da USP promove mais uma aula aberta com o tema *Espiritualidade em Oncologia,* que discutirá temas que atravessam a questão da fé e crença durante o tratamento oncológico. O evento será na Sala 1C do Bloco Didático da FMRP e os interessados em participar podem se inscrever via formulário [neste link.](https://docs.google.com/forms",", do Departamento de Ciências da Saúde da FMRP, com objetivo de discutir sobre a temática e esclarecer dúvidas dos participantes. O encontro ainda contará com emissão de certificado para quem participar.

Mais informações podem ser obtidas pelo Instagram [@lescp.usp](https://www.instagram.com/lescp.usp?utm_source=ig_web_button_share_sheet&igsh=ZDNlZDc0MzIxNw==) ou pelo e-mail [ligaespiritualidadecp@gmail.com](mailto:ligaespiritualidadecp@gmail.com)

*\*Estagiária sob supervisão de Rose Talamone*",", do Departamento de Ciências da Saúde da FMRP, com objetivo de discutir sobre a temática e esclarecer dúvidas dos participantes. O encontro ainda contará com emissão de certificado para quem participar.

Mais informações podem ser obtidas pelo Instagram [@lescp.usp](https://www.instagram.com/lescp.usp?utm_source=ig_web_button_share_sheet&igsh=ZDNlZDc0MzIxNw==) ou pelo e-mail [ligaespiritualidadecp@gmail.com](mailto:ligaespiritualidadecp@gmail.com)

*\*Estagiária sob supervisão de Rose Talamone*",APROVADO,"[{""rule"": ""duplicate_byline"", ""reason"": ""byline inicial repete o campo autor"", ""text"": ""Por [Vitória Gomes\\*](https://jornal.usp.br/author/vitoria-gomes/ \""Posts de Vitória Gomes*\"")""}]"
usp_news_000047,Pró-reitor fala sobre desafios e projetos para o fortalecimento da pós-graduação da USP,Adriana Cruz,3922,3835,87,"Por [Adriana Cruz](https://jornal.usp.br/author/acruzusp-br/ ""Posts de Adriana Cruz"")

<https://jornal.usp.br/wp-content/uploads/2026/05/29-05_POR-DENTRO-DA-USP_POS-GRADUACAO.mp3>

Carlos Eduardo Ambrósio – Foto: Cecília Bastos/USP Imagens

No boletim *Por Dentro da USP*, veiculado no dia 29 de maio, o entrevistado é o pró-reitor de Pós-Graduação da USP, Carlos Eduardo Ambrósio. Esta é a segunda entrevista da série com os novos pró-reitores da Universidade, cujos nomes foram aprovados pelo [Cons","<https://jornal.usp.br/wp-content/uploads/2026/05/29-05_POR-DENTRO-DA-USP_POS-GRADUACAO.mp3>

Carlos Eduardo Ambrósio – Foto: Cecília Bastos/USP Imagens

No boletim *Por Dentro da USP*, veiculado no dia 29 de maio, o entrevistado é o pró-reitor de Pós-Graduação da USP, Carlos Eduardo Ambrósio. Esta é a segunda entrevista da série com os novos pró-reitores da Universidade, cujos nomes foram aprovados pelo [Conselho Universitário](https://jornal.usp.br/comunicados/conselho-universitario-aprova-ind","Dentro da USP**

O boletim [**Por Dentro da USP**](https://jornal.usp.br/sinopses-boletins/por-dentro-da-usp/) é uma produção que divulga quinzenalmente as ações da administração universitária de interesse da população. [Ouça os episódios anteriores](https://jornal.usp.br/editorias/radio-usp/jornal-da-usp-no-ar-2/jornal-da-usp-no-ar/por-dentro-da-usp/).

**Apresentação:** Adriana Cruz e Michel Sitnik **Produção:** Adriana Cruz e Michel Sitnik **E-mail:** [imprensa@usp.br](mailto:imprensa@usp.br)","Dentro da USP**

O boletim [**Por Dentro da USP**](https://jornal.usp.br/sinopses-boletins/por-dentro-da-usp/) é uma produção que divulga quinzenalmente as ações da administração universitária de interesse da população. [Ouça os episódios anteriores](https://jornal.usp.br/editorias/radio-usp/jornal-da-usp-no-ar-2/jornal-da-usp-no-ar/por-dentro-da-usp/).

**Apresentação:** Adriana Cruz e Michel Sitnik **Produção:** Adriana Cruz e Michel Sitnik **E-mail:** [imprensa@usp.br](mailto:imprensa@usp.br)",APROVADO,"[{""rule"": ""duplicate_byline"", ""reason"": ""byline inicial repete o campo autor"", ""text"": ""Por [Adriana Cruz](https://jornal.usp.br/author/acruzusp-br/ \""Posts de Adriana Cruz\"")""}]"
usp_news_000048,Cidades inteligentes ou vigiadas?,Sandra Capomaccio,1802,1705,97,"Por [Sandra Capomaccio](https://jornal.usp.br/author/scapousp-br/ ""Posts de Sandra Capomaccio"")

<https://jornal.usp.br/wp-content/uploads/2026/05/DATACRACIA-_29_MAIO_SANDRA_LULI.mp3>

O conceito de cidades inteligentes, antes associado à modernização urbana, passou a ser questionado porque muitos projetos priorizam sistemas de vigilância, como câmeras com reconhecimento facial, sensores e monitoramento em massa. A promessa de melhorar a gestão das cidades acabou levantando preocupações sobre pr","<https://jornal.usp.br/wp-content/uploads/2026/05/DATACRACIA-_29_MAIO_SANDRA_LULI.mp3>

O conceito de cidades inteligentes, antes associado à modernização urbana, passou a ser questionado porque muitos projetos priorizam sistemas de vigilância, como câmeras com reconhecimento facial, sensores e monitoramento em massa. A promessa de melhorar a gestão das cidades acabou levantando preocupações sobre privacidade, controle de dados e perda do anonimato nos espaços públicos.

O reconhecimento facial ","inda é considerada limitada. O debate central não é rejeitar a tecnologia, mas definir limites claros para seu uso e garantir controle democrático sobre esses sistemas.

---

**Datacracia**
A coluna [*Datacracia*](https://jornal.usp.br/radio-usp/perfis/luli-radfahrer/), com o professor Luli Radfahrer, vai ao ar quinzenalmente, sexta-feira às 8h, na Rádio USP (São Paulo 93,7 ; Ribeirão Preto 107,9 ) e também no [Youtube](https://goo.gl/v8ZDAf), com produção da Rádio USP Jornal da USP e TV USP.

.","inda é considerada limitada. O debate central não é rejeitar a tecnologia, mas definir limites claros para seu uso e garantir controle democrático sobre esses sistemas.

---

**Datacracia**
A coluna [*Datacracia*](https://jornal.usp.br/radio-usp/perfis/luli-radfahrer/), com o professor Luli Radfahrer, vai ao ar quinzenalmente, sexta-feira às 8h, na Rádio USP (São Paulo 93,7 ; Ribeirão Preto 107,9 ) e também no [Youtube](https://goo.gl/v8ZDAf), com produção da Rádio USP Jornal da USP e TV USP.

.",APROVADO,"[{""rule"": ""duplicate_byline"", ""reason"": ""byline inicial repete o campo autor"", ""text"": ""Por [Sandra Capomaccio](https://jornal.usp.br/author/scapousp-br/ \""Posts de Sandra Capomaccio\"")""}]"
usp_news_000049,"Microscópio eletrônico mostra danos estruturais ao cabelo após descoloração, alisamento e calor",,9400,8887,513,"## Microscópio eletrônico mostra danos estruturais ao cabelo após descoloração, alisamento e calor

## Calor acelera a porosidade, a deterioração e a remoção de importantes substâncias que compõem a camada interna e externa do cabelo, deixando os fios mais ressecados, quebradiços, frágeis, sem brilho e com perda da elasticidade

Publicado: 29/05/2026 às 7:47

## Texto: Ivanir Ferreira

## Arte: Heloisa Falaschi\*

Os fios podem sofrer danos irreversíveis em sua estrutura, comprometendo important","## Calor acelera a porosidade, a deterioração e a remoção de importantes substâncias que compõem a camada interna e externa do cabelo, deixando os fios mais ressecados, quebradiços, frágeis, sem brilho e com perda da elasticidade

Publicado: 29/05/2026 às 7:47

## Texto: Ivanir Ferreira

## Arte: Heloisa Falaschi\*

Os fios podem sofrer danos irreversíveis em sua estrutura, comprometendo importantes substâncias que compõem a camada interna e externa do cabelo. Mechas analisadas nos experimentos/","ciencias/progressiva-e-descoloracao-danos-ao-cabelo-sao-mostrados-em-escala-molecular/)

---

**Política de uso**
A reprodução de matérias e fotografias é livre mediante a citação do Jornal da USP e do autor. No caso dos arquivos de áudio, deverão constar dos créditos a Rádio USP e, em sendo explicitados, os autores. Para uso de arquivos de vídeo, esses créditos deverão mencionar a TV USP e, caso estejam explicitados, os autores. Fotos devem ser creditadas como USP Imagens e o nome do fotógrafo.","elelima@usp.br e Cristiano de Oliveira, crislpo@usp.br e crislpo@if.usp.br

## Leia +

## [Composto natural testado em cabelos melhora hidratação e forma camada de proteção nos fios](https://jornal.usp.br/ciencias/composto-natural-testado-em-cabelos-melhora-hidratacao-e-forma-camada-de-protecao-nos-fios/)

## [Progressiva e descoloração: danos ao cabelo são mostrados em escala molecular](https://jornal.usp.br/ciencias/progressiva-e-descoloracao-danos-ao-cabelo-sao-mostrados-em-escala-molecular/)",APROVADO,"[{""rule"": ""duplicate_leading_title"", ""reason"": ""primeiro bloco repete o campo titulo"", ""text"": ""## Microscópio eletrônico mostra danos estruturais ao cabelo após descoloração, alisamento e calor""}, {""rule"": ""generic_reuse_credits"", ""reason"": ""política institucional geral após o artigo"", ""text"": ""**Política de uso**\nA reprodução de matérias e fotografias é livre mediante a citação do Jornal da USP e do autor. No caso dos arquivos de áudio, deverão constar dos créditos a Rádio USP e, em sendo explicitados, os autores. Para uso de arquivos de vídeo, esses créditos deverão mencionar a TV USP e, caso estejam explicitados, os autores. Fotos devem ser creditadas como USP Imagens e o nome do fotógrafo.""}, {""rule"": ""generic_reuse_separator"", ""reason"": ""separador do bloco institucional removido"", ""text"": ""---""}]"
usp_news_000050,Guia para o bom e para o mau governo,Janice Theodoro da Silva,9379,8970,409,"*Para Fortunato Pastore*

> “Há sabedoria na negação de que política e guerra pertençam ao mesmo continuum. A menos que insistamos em negar isso, nosso futuro, tal como o dos últimos habitantes da Ilha de Páscoa, poderá pertencer aos homens com mãos sangrentas.”
> John Keegan

A bomba atômica virou objeto de desejo para o exercício da política?

Antigamente, os sábios escreviam cartilhas sugerindo maneiras para o soberano realizar o Bom Governo. Vinculavam a ética à política.

Hoje, os governant","*Para Fortunato Pastore*

> “Há sabedoria na negação de que política e guerra pertençam ao mesmo continuum. A menos que insistamos em negar isso, nosso futuro, tal como o dos últimos habitantes da Ilha de Páscoa, poderá pertencer aos homens com mãos sangrentas.”
> John Keegan

A bomba atômica virou objeto de desejo para o exercício da política?

Antigamente, os sábios escreviam cartilhas sugerindo maneiras para o soberano realizar o Bom Governo. Vinculavam a ética à política.

Hoje, os governant","de estímulo à reflexão.

Prezado leitor, o tédio chegará a tempo no coração dos guerreiros?

\_\_\_\_\_\_\_\_\_\_\_\_\_\_\_\_
*(As opiniões expressas nos artigos publicados no **Jornal da USP** são de inteira responsabilidade de seus autores e não refletem opiniões do veículo nem posições institucionais da Universidade de São Paulo. Acesse aqui nossos [parâmetros editoriais para artigos de opinião](https://jornal.usp.br/noticias/parametros-editoriais-para-artigos-de-opiniao-no-jornal-da-usp/).)*","da bomba, do ódio e da mentira?

A primeira frase do livro de John Keegan, *Uma história da guerra,* é desafiadora: “A guerra não é a continuação da política por outros meios”.

Ao refutar a tese de Clausewitz (1780-1831), Keegan analisa outros estudiosos do tema, como Russell Weigley, para quem a guerra pode indicar a falência da política.
Nos dias atuais estas reflexões, de Averróis a Clausewitz, servem de estímulo à reflexão.

Prezado leitor, o tédio chegará a tempo no coração dos guerreiros?",APROVADO,"[{""rule"": ""generic_opinion_notice"", ""reason"": ""aviso institucional genérico após o artigo"", ""text"": ""\\_\\_\\_\\_\\_\\_\\_\\_\\_\\_\\_\\_\\_\\_\\_\\_\n*(As opiniões expressas nos artigos publicados no **Jornal da USP** são de inteira responsabilidade de seus autores e não refletem opiniões do veículo nem posições institucionais da Universidade de São Paulo. Acesse aqui nossos [parâmetros editoriais para artigos de opinião](https://jornal.usp.br/noticias/parametros-editoriais-para-artigos-de-opiniao-no-jornal-da-usp/).)*""}]"
usp_news_000051,USP quer fortalecer parceria com instituição alemã de financiamento,Erika Yamamoto,2946,2851,95,"Por [Erika Yamamoto](https://jornal.usp.br/author/erikayamausp-br/ ""Posts de Erika Yamamoto"")

[A partir da esquerda] Paulo Henrique Braz da Silva, Carlos Eduardo Pellegrino Cerri, Norberto Peporine Lopes, Katharina Fourier, Joybrato Mukherjee, Aluisio Segurado, Martina Hackelberg, Anja Grecko Lorenz, Laura Kemmer e Fernando Menezes – Foto: Cecília Bastos/USP Imagens

Na tarde desta quarta-feira, dia 27 de maio, o presidente do Serviço Alemão de Intercâmbio Acadêmico (DAAD, na sigla em alemão pa","[A partir da esquerda] Paulo Henrique Braz da Silva, Carlos Eduardo Pellegrino Cerri, Norberto Peporine Lopes, Katharina Fourier, Joybrato Mukherjee, Aluisio Segurado, Martina Hackelberg, Anja Grecko Lorenz, Laura Kemmer e Fernando Menezes – Foto: Cecília Bastos/USP Imagens

Na tarde desta quarta-feira, dia 27 de maio, o presidente do Serviço Alemão de Intercâmbio Acadêmico (DAAD, na sigla em alemão para *Deutscher Akademischer Austauschdienst*), Joybrato Mukherjee, visitou a Reitoria e foi rece","ão Paulo, Anja Grecko Lorenz; e a professora visitante e titular da Cátedra Martius (DAAD-USP), Laura Kemmer.

Também participaram da reunião o diretor adjunto de Relações Acadêmicas Internacionais da Agência USP de Cooperação Acadêmica Nacional e Internacional (Aucani), Fernando Menezes; o diretor adjunto de Mobilidade Acadêmica da Aucani, Paulo Henrique Braz da Silva; o pró-reitor adjunto de Pesquisa, Carlos Eduardo Pellegrino Cerri; e o pró-reitor adjunto de Inovação, Norberto Peporine Lopes.","ão Paulo, Anja Grecko Lorenz; e a professora visitante e titular da Cátedra Martius (DAAD-USP), Laura Kemmer.

Também participaram da reunião o diretor adjunto de Relações Acadêmicas Internacionais da Agência USP de Cooperação Acadêmica Nacional e Internacional (Aucani), Fernando Menezes; o diretor adjunto de Mobilidade Acadêmica da Aucani, Paulo Henrique Braz da Silva; o pró-reitor adjunto de Pesquisa, Carlos Eduardo Pellegrino Cerri; e o pró-reitor adjunto de Inovação, Norberto Peporine Lopes.",APROVADO,"[{""rule"": ""duplicate_byline"", ""reason"": ""byline inicial repete o campo autor"", ""text"": ""Por [Erika Yamamoto](https://jornal.usp.br/author/erikayamausp-br/ \""Posts de Erika Yamamoto\"")""}]"
usp_news_000052,Fuvest divulga cronograma completo do vestibular da USP para ingresso em 2027,,5785,5785,0,"Vestibular 2027 da USP tem calendário com datas definidas – Foto: Arquivo/[Agência Brasil](https://www.gov.br/pt-br/noticias/educacao-e-pesquisa/2021/02/participantes-podem-conferir-novos-locais-de-prova/estudantes-prova-foto-arquivo-agencia-brasil.jpg/view)

.
Os vestibulandos que pretendem concorrer a uma vaga na USP para ingresso em 2027 já podem consultar o calendário oficial divulgado pela Fundação Universitária para o Vestibular (Fuvest), responsável pelo processo seletivo. Entre as princi","Vestibular 2027 da USP tem calendário com datas definidas – Foto: Arquivo/[Agência Brasil](https://www.gov.br/pt-br/noticias/educacao-e-pesquisa/2021/02/participantes-podem-conferir-novos-locais-de-prova/estudantes-prova-foto-arquivo-agencia-brasil.jpg/view)

.
Os vestibulandos que pretendem concorrer a uma vaga na USP para ingresso em 2027 já podem consultar o calendário oficial divulgado pela Fundação Universitária para o Vestibular (Fuvest), responsável pelo processo seletivo. Entre as princi","a dos pais ou responsáveis legais.

Uma comissão julgadora, composta de membros da banca de competências específicas de Artes Visuais e pela diretoria da Fuvest, fará a seleção das propostas. Já o resultado será divulgado em 15 de julho.

O edital completo e as regras para participação estão disponíveis no site da Fuvest [neste link](https://www.fuvest.br/?utm_source=chatgpt.com).

Mais informações sobre o vestibular estão disponíveis no [site da Fuvest](https://www.fuvest.br/vestibular-da-usp).","a dos pais ou responsáveis legais.

Uma comissão julgadora, composta de membros da banca de competências específicas de Artes Visuais e pela diretoria da Fuvest, fará a seleção das propostas. Já o resultado será divulgado em 15 de julho.

O edital completo e as regras para participação estão disponíveis no site da Fuvest [neste link](https://www.fuvest.br/?utm_source=chatgpt.com).

Mais informações sobre o vestibular estão disponíveis no [site da Fuvest](https://www.fuvest.br/vestibular-da-usp).",APROVADO,[]
usp_news_000053,O café e o despertar dos sentidos e emoções,,14741,14332,409,"Eliane Comoli – Foto: Arquivo pessoal

Desde 2005, no dia 24 de maio é comemorado no Brasil o Dia Nacional do Café. A iniciativa foi da Associação Brasileira da Indústria de Café, a fim de marcar o início da colheita nas principais regiões cafeeiras como o Sul de Minas e o Cerrado Mineiro, e para valorizar a bebida.

Outras duas datas comemoram o café no mundo. A mais popular é o Dia Mundial do Café, 14 de abril, e a outra é o Dia Internacional do Café, celebrado em 1º de outubro. O Dia Internac","Eliane Comoli – Foto: Arquivo pessoal

Desde 2005, no dia 24 de maio é comemorado no Brasil o Dia Nacional do Café. A iniciativa foi da Associação Brasileira da Indústria de Café, a fim de marcar o início da colheita nas principais regiões cafeeiras como o Sul de Minas e o Cerrado Mineiro, e para valorizar a bebida.

Outras duas datas comemoram o café no mundo. A mais popular é o Dia Mundial do Café, 14 de abril, e a outra é o Dia Internacional do Café, celebrado em 1º de outubro. O Dia Internac","tão, fica o convite: “Que tal estimular os sentidos e as emoções apreciando um cafezinho?”.

\_\_\_\_\_\_\_\_\_\_\_\_\_\_\_\_
*(As opiniões expressas nos artigos publicados no **Jornal da USP** são de inteira responsabilidade de seus autores e não refletem opiniões do veículo nem posições institucionais da Universidade de São Paulo. Acesse aqui nossos [parâmetros editoriais para artigos de opinião](https://jornal.usp.br/noticias/parametros-editoriais-para-artigos-de-opiniao-no-jornal-da-usp/).)*"," neuroquímica cerebral causando efeitos incríveis aos consumidores e apreciadores.

Seja para um momento de leitura e reflexão, para ficar mais alerta, socializar ou mesmo jogar uma conversa fora, o café é a prova de que pequenos instantes podem trazer grandes significados. Além do mais, o café nos convida para uma pausa, para uma experiência, para um momento especial, para se valorizar na simplicidade. Então, fica o convite: “Que tal estimular os sentidos e as emoções apreciando um cafezinho?”.",APROVADO,"[{""rule"": ""generic_opinion_notice"", ""reason"": ""aviso institucional genérico após o artigo"", ""text"": ""\\_\\_\\_\\_\\_\\_\\_\\_\\_\\_\\_\\_\\_\\_\\_\\_\n*(As opiniões expressas nos artigos publicados no **Jornal da USP** são de inteira responsabilidade de seus autores e não refletem opiniões do veículo nem posições institucionais da Universidade de São Paulo. Acesse aqui nossos [parâmetros editoriais para artigos de opinião](https://jornal.usp.br/noticias/parametros-editoriais-para-artigos-de-opiniao-no-jornal-da-usp/).)*""}]"
usp_news_000054,Economia da USP lança campanha para financiar bolsas de intercâmbio e idiomas para estudantes negros,,4660,4660,0,"Alguns dos estudantes contemplados na primeira edição do projeto – Foto: Vinicius Stasolla/ Fundo Patrimonial da FEA-USP

O aprendizado de idiomas ainda é um desafio para a maioria dos estudantes negros que ingressam no ensino superior. O projeto *Mundo Sem Fronteiras: idiomas para estudantes negros FEAnos* visa mitigar essa lacuna. Trata-se de um programa de oferecimento de bolsas para cursos de idiomas e intercâmbio para discentes negros que, neste ano, chega à sua segunda edição. O objetivo é","Alguns dos estudantes contemplados na primeira edição do projeto – Foto: Vinicius Stasolla/ Fundo Patrimonial da FEA-USP

O aprendizado de idiomas ainda é um desafio para a maioria dos estudantes negros que ingressam no ensino superior. O projeto *Mundo Sem Fronteiras: idiomas para estudantes negros FEAnos* visa mitigar essa lacuna. Trata-se de um programa de oferecimento de bolsas para cursos de idiomas e intercâmbio para discentes negros que, neste ano, chega à sua segunda edição. O objetivo é","e conclusão e registrar a atividade como Atividade Acadêmica Complementar (AAC), que é obrigatória no currículo atual da faculdade.

O *Mundo Sem Fronteiras: idiomas para estudantes negros FEAnos* é promovido por docentes da FEA em parceria com o Fundo Patrimonial da FEA e apoio da Associação de Negros Feanos (Anfea), que estabelece e mantém contato direto com os estudantes. Para mais informações sobre o projeto e a campanha, acesse este [link](https://www.instagram.com/fundopatrimonialfeausp/).","e conclusão e registrar a atividade como Atividade Acadêmica Complementar (AAC), que é obrigatória no currículo atual da faculdade.

O *Mundo Sem Fronteiras: idiomas para estudantes negros FEAnos* é promovido por docentes da FEA em parceria com o Fundo Patrimonial da FEA e apoio da Associação de Negros Feanos (Anfea), que estabelece e mantém contato direto com os estudantes. Para mais informações sobre o projeto e a campanha, acesse este [link](https://www.instagram.com/fundopatrimonialfeausp/).",APROVADO,[]
usp_news_000055,Estudantes da USP reinventam o drama e as paixões de Hamlet,Clara Hanek,7874,7786,88,"Por [\*Clara Hanek](https://jornal.usp.br/author/clara-hanek/ ""Posts de *Clara Hanek"")

Cena de *Quase Hamlet ou A Coruja Era Filha do Padeiro –* Foto: Hadassah Wengler e Gambiarra

“Ser ou não ser, eis a questão” – uma das frases mais citadas da literatura mundial – é extraída da tragédia *Hamlet*, de William Shakespeare (1564-1616), que estudantes da Escola de Comunicações e Artes (ECA) da USP reinventam na peça *Quase Hamlet ou A Coruja Era Filha do Padeiro*. A montagem será exibida neste fim","Cena de *Quase Hamlet ou A Coruja Era Filha do Padeiro –* Foto: Hadassah Wengler e Gambiarra

“Ser ou não ser, eis a questão” – uma das frases mais citadas da literatura mundial – é extraída da tragédia *Hamlet*, de William Shakespeare (1564-1616), que estudantes da Escola de Comunicações e Artes (ECA) da USP reinventam na peça *Quase Hamlet ou A Coruja Era Filha do Padeiro*. A montagem será exibida neste fim de semana (dias 29, 30 e 31), no Teatro da USP (Tusp), na Cidade Universitária, em São ","um espaço de formação e pesquisa, onde sempre podemos errar e trazer coisas novas. O repertório apresentado para nós nesse ambiente entra como parte ativa da construção dessa montagem”.

*A peça* Quase Hamlet ou A Coruja Era Filha do Padeiro *será exibida nesta sexta-feira (29) e no sábado (30), às 20 horas, e no domingo (31), às 18 horas, na sala do Teatro da USP do Centro Cultural Camargo Guarnieri (Rua do Anfiteatro, 109, Cidade Universitária, em São Paulo). Entrada grátis.*

Foto: Divulgação","um espaço de formação e pesquisa, onde sempre podemos errar e trazer coisas novas. O repertório apresentado para nós nesse ambiente entra como parte ativa da construção dessa montagem”.

*A peça* Quase Hamlet ou A Coruja Era Filha do Padeiro *será exibida nesta sexta-feira (29) e no sábado (30), às 20 horas, e no domingo (31), às 18 horas, na sala do Teatro da USP do Centro Cultural Camargo Guarnieri (Rua do Anfiteatro, 109, Cidade Universitária, em São Paulo). Entrada grátis.*

Foto: Divulgação",APROVADO,"[{""rule"": ""duplicate_byline"", ""reason"": ""byline inicial repete o campo autor"", ""text"": ""Por [\\*Clara Hanek](https://jornal.usp.br/author/clara-hanek/ \""Posts de *Clara Hanek\"")""}]"
usp_news_000056,A excelência dos programas de pós-graduação da USP,,3273,2864,409,"Carlos Eduardo Ambrósio – Foto: Cecília Bastos /USP Imagens

Marie-Anne Van Sluys – Foto: Cecília Bastos/USP Imagens

A Coordenação de Aperfeiçoamento de Pessoal de Nível Superior (Capes) divulgou, no último dia 27 de maio, o resultado final da avaliação quadrienal 2021-2024, que avaliou 4.555 programas de pós-graduação distribuídos em todo o território nacional. Os resultados estão disponíveis na planilha de resultados [Programas acadêmicos e](https://www.gov.br/capes/pt-br/centrais-de-conteudo","Carlos Eduardo Ambrósio – Foto: Cecília Bastos /USP Imagens

Marie-Anne Van Sluys – Foto: Cecília Bastos/USP Imagens

A Coordenação de Aperfeiçoamento de Pessoal de Nível Superior (Capes) divulgou, no último dia 27 de maio, o resultado final da avaliação quadrienal 2021-2024, que avaliou 4.555 programas de pós-graduação distribuídos em todo o território nacional. Os resultados estão disponíveis na planilha de resultados [Programas acadêmicos e](https://www.gov.br/capes/pt-br/centrais-de-conteudo","aduação da Universidade parabeniza todas as pessoas envolvidas nessa importante engrenagem!

\_\_\_\_\_\_\_\_\_\_\_\_\_\_\_\_
*(As opiniões expressas nos artigos publicados no **Jornal da USP** são de inteira responsabilidade de seus autores e não refletem opiniões do veículo nem posições institucionais da Universidade de São Paulo. Acesse aqui nossos [parâmetros editoriais para artigos de opinião](https://jornal.usp.br/noticias/parametros-editoriais-para-artigos-de-opiniao-no-jornal-da-usp/).)*"," a Universidade formou 13.472 mestres e 10.264 doutores.

Mais do que números, os resultados refletem a capacidade da USP em manter um sistema de pós-graduação robusto e internacionalmente reconhecido. O desempenho alcançado evidencia o compromisso contínuo da Universidade com a produção científica, a formação acadêmica de excelência e a contribuição para o desenvolvimento do País. A Pró-Reitoria de Pós-Graduação da Universidade parabeniza todas as pessoas envolvidas nessa importante engrenagem!",APROVADO,"[{""rule"": ""generic_opinion_notice"", ""reason"": ""aviso institucional genérico após o artigo"", ""text"": ""\\_\\_\\_\\_\\_\\_\\_\\_\\_\\_\\_\\_\\_\\_\\_\\_\n*(As opiniões expressas nos artigos publicados no **Jornal da USP** são de inteira responsabilidade de seus autores e não refletem opiniões do veículo nem posições institucionais da Universidade de São Paulo. Acesse aqui nossos [parâmetros editoriais para artigos de opinião](https://jornal.usp.br/noticias/parametros-editoriais-para-artigos-de-opiniao-no-jornal-da-usp/).)*""}]"
usp_news_000057,Ação climática e saúde ambiental pautam semana de debates na Faculdade de Saúde Pública da USP,,10042,10042,0,"Evento na Faculdade de Saúde Pública terá atividades presenciais e on-line na Semana do Meio Ambiente – Foto: Francisco Emolo/USP Imagens

.
Com o tema *Uma chamada à ação climática*, a Faculdade de Saúde Pública (FSP) da USP promove, de 1º a 3 de junho, a Semana do Meio Ambiente 2026, reunindo especialistas, pesquisadores e o público em geral em uma programação gratuita que articula ciência, saúde e sustentabilidade diante da emergência climática. O evento contará com atividades presenciais na ","Evento na Faculdade de Saúde Pública terá atividades presenciais e on-line na Semana do Meio Ambiente – Foto: Francisco Emolo/USP Imagens

.
Com o tema *Uma chamada à ação climática*, a Faculdade de Saúde Pública (FSP) da USP promove, de 1º a 3 de junho, a Semana do Meio Ambiente 2026, reunindo especialistas, pesquisadores e o público em geral em uma programação gratuita que articula ciência, saúde e sustentabilidade diante da emergência climática. O evento contará com atividades presenciais na ","jYW1wYWlnbklkIjoiNmViOTRjZWQtYTRhMi00NWY3LTlhZDAtMDhkZWJiM2ZhODZkIiwicGVyc29uSWQiOiJkZTA5Y2MxYy1mZTdlLTQwODItOWQ2OS02MmI5YjczNDAxMTkiLCJlbWFpbCI6ImFnZW51c3BAdXNwLmJyIiwidXJsIjoiaHR0cHM6Ly93d3cuaW5zdGFncmFtLmNvbS9wL0RZei1TSmRtdnZTLz91dG1fc291cmNlPWlnX3dlYl9jb3B5X2xpbmsmaWdzaD1NelJsT0RCaU5XRmxaQT09IiwiaXNTZWdtZW50YXRpb24iOiJGYWxzZSIsIm5iZiI6MTc3OTkwNjI3NSwiZXhwIjoxNzgyNDk4Mjc1LCJpYXQiOjE3Nzk5MDYyNzV9.1SOHnY2sySSDbvylfzB1eljDl4w4icYhkh8ufIiKlgI)

.

*Texto adaptado da Faculdade de Saúde Pública*

.","jYW1wYWlnbklkIjoiNmViOTRjZWQtYTRhMi00NWY3LTlhZDAtMDhkZWJiM2ZhODZkIiwicGVyc29uSWQiOiJkZTA5Y2MxYy1mZTdlLTQwODItOWQ2OS02MmI5YjczNDAxMTkiLCJlbWFpbCI6ImFnZW51c3BAdXNwLmJyIiwidXJsIjoiaHR0cHM6Ly93d3cuaW5zdGFncmFtLmNvbS9wL0RZei1TSmRtdnZTLz91dG1fc291cmNlPWlnX3dlYl9jb3B5X2xpbmsmaWdzaD1NelJsT0RCaU5XRmxaQT09IiwiaXNTZWdtZW50YXRpb24iOiJGYWxzZSIsIm5iZiI6MTc3OTkwNjI3NSwiZXhwIjoxNzgyNDk4Mjc1LCJpYXQiOjE3Nzk5MDYyNzV9.1SOHnY2sySSDbvylfzB1eljDl4w4icYhkh8ufIiKlgI)

.

*Texto adaptado da Faculdade de Saúde Pública*

.",APROVADO,[]
usp_news_000058,Cruesp retoma discussões sobre o impacto da reforma tributária no financiamento das universidades,,2655,2655,0,"Em uma reunião realizada no dia 27 de maio, o Grupo de Trabalho Reforma Tributária do Conselho de Reitores das Universidades Estaduais Paulistas (Cruesp) retomou as discussões sobre os impactos das mudanças no sistema tributário nacional e no financiamento das três universidades estaduais paulistas – USP, Unesp e Unicamp. O objetivo do GT é analisar cenários, elaborar estudos técnicos e propor alternativas voltadas à preservação da sustentabilidade orçamentária das três entidades.

Leia, a segui","Em uma reunião realizada no dia 27 de maio, o Grupo de Trabalho Reforma Tributária do Conselho de Reitores das Universidades Estaduais Paulistas (Cruesp) retomou as discussões sobre os impactos das mudanças no sistema tributário nacional e no financiamento das três universidades estaduais paulistas – USP, Unesp e Unicamp. O objetivo do GT é analisar cenários, elaborar estudos técnicos e propor alternativas voltadas à preservação da sustentabilidade orçamentária das três entidades.

Leia, a segui","mada formal destas discussões ocorreu no último dia 27 de maio, quando o grupo esteve reunido a fim de aprofundar as análises técnicas e qualificá-las com resultados de impactos acadêmicos, científicos, sociais e de inovação. A iniciativa procura fortalecer o diálogo institucional com o Governo do Estado de São Paulo e demais órgãos envolvidos no tema, e conta com a participação ativa da Secretaria de Estado de Ciência, Tecnologia e Inovação.

Maysa Furlan
Reitora da Unesp e presidente do Cruesp","mada formal destas discussões ocorreu no último dia 27 de maio, quando o grupo esteve reunido a fim de aprofundar as análises técnicas e qualificá-las com resultados de impactos acadêmicos, científicos, sociais e de inovação. A iniciativa procura fortalecer o diálogo institucional com o Governo do Estado de São Paulo e demais órgãos envolvidos no tema, e conta com a participação ativa da Secretaria de Estado de Ciência, Tecnologia e Inovação.

Maysa Furlan
Reitora da Unesp e presidente do Cruesp",APROVADO,[]
usp_news_000059,"Incentivo ao doping busca aprimorar a performance esportiva, mas custo pode ser alto para os atletas",Fernando Silvestre,10214,10105,109,"Por [Fernando Silvestre\*](https://jornal.usp.br/author/fernando-silvestre/ ""Posts de Fernando Silvestre*"")

Doping não é uma prática nova e seu incentivo aparece hoje na mídia como possível tendência, mas não deve impactar o esporte no geral – Foto: [nts01/Pixabay](https://pixabay.com/pt/photos/rem%C3%A9dio-m%C3%A9dico-inje%C3%A7%C3%A3o-5037941/)

Doping não é uma palavra incomum. Ela tende a aparecer na mídia quando eventos esportivos, como a Copa do Mundo da Federação Internacional de Futebol","Doping não é uma prática nova e seu incentivo aparece hoje na mídia como possível tendência, mas não deve impactar o esporte no geral – Foto: [nts01/Pixabay](https://pixabay.com/pt/photos/rem%C3%A9dio-m%C3%A9dico-inje%C3%A7%C3%A3o-5037941/)

Doping não é uma palavra incomum. Ela tende a aparecer na mídia quando eventos esportivos, como a Copa do Mundo da Federação Internacional de Futebol (Fifa) ou os Jogos Olímpicos, se aproximam. O doping, também conhecido como dopagem e aprimoradores, pode se","para fins de desempenho atlético.”
>
> – Marco Bettine

Colocar em evidência as empresas que produzem essas substâncias seria uma forma de punição. Outra forma seria através do “fechamento e de multas altíssimas quando descobrem, mas o que ocorre é que a maior parte dessas substâncias não é centralizada na indústria farmacêutica propriamente dita”. Por serem tratadas como tecnologia, muitas estão em empresas desse nicho e não na farmácia.

\**Sob supervisão de Paulo Capuzzo e Cinderela Caldeira*","para fins de desempenho atlético.”
>
> – Marco Bettine

Colocar em evidência as empresas que produzem essas substâncias seria uma forma de punição. Outra forma seria através do “fechamento e de multas altíssimas quando descobrem, mas o que ocorre é que a maior parte dessas substâncias não é centralizada na indústria farmacêutica propriamente dita”. Por serem tratadas como tecnologia, muitas estão em empresas desse nicho e não na farmácia.

\**Sob supervisão de Paulo Capuzzo e Cinderela Caldeira*",APROVADO,"[{""rule"": ""duplicate_byline"", ""reason"": ""byline inicial repete o campo autor"", ""text"": ""Por [Fernando Silvestre\\*](https://jornal.usp.br/author/fernando-silvestre/ \""Posts de Fernando Silvestre*\"")""}]"
usp_news_000060,Edição de 28 de maio de 2026,Joyce Pezzato,1559,1466,93,"Por [Joyce Pezzato\*](https://jornal.usp.br/author/joycepezzato/ ""Posts de Joyce Pezzato*"")

O *Jornal da USP no Ar – Edição Regional* desta quinta-feira (28/5) informa, entre outras notícias, que a Prefeitura de Ribeirão Preto dará início ainda nesta semana à Campanha de Vacinação Escolar 2026, voltada a estudantes a partir de 9 anos da rede municipal de ensino. A ação acontece em 36 escolas do município e tem como objetivo atualizar a carteira de vacinação dos alunos, com aplicação de doses co","O *Jornal da USP no Ar – Edição Regional* desta quinta-feira (28/5) informa, entre outras notícias, que a Prefeitura de Ribeirão Preto dará início ainda nesta semana à Campanha de Vacinação Escolar 2026, voltada a estudantes a partir de 9 anos da rede municipal de ensino. A ação acontece em 36 escolas do município e tem como objetivo atualizar a carteira de vacinação dos alunos, com aplicação de doses contra HPV, febre amarela, tríplice viral e meningocócica ACWY, conforme a necessidade de cada ","AL-28-05-2026.mp3>

O Jornal da USP no Ar, Edição Regional vai ao ar de segunda a sexta-feira, a partir das 12h30, pela Rádio USP em Ribeirão Preto, com produção e reportagens da Equipe de jornalismo da Rádio USP Ribeirão. Apresentação: Mel Vieira e Ferraz Junior. Técnica: Luiz Fontana, Mario Brother. Supervisão: Ferraz Junior. Coordenação: Gabriel Soares. Você pode sintonizar a Rádio USP em Ribeirão Preto FM 107.9, pela internet em ribeirao.usp.br ou pelo aplicativo do Jornal da USP no celular.","AL-28-05-2026.mp3>

O Jornal da USP no Ar, Edição Regional vai ao ar de segunda a sexta-feira, a partir das 12h30, pela Rádio USP em Ribeirão Preto, com produção e reportagens da Equipe de jornalismo da Rádio USP Ribeirão. Apresentação: Mel Vieira e Ferraz Junior. Técnica: Luiz Fontana, Mario Brother. Supervisão: Ferraz Junior. Coordenação: Gabriel Soares. Você pode sintonizar a Rádio USP em Ribeirão Preto FM 107.9, pela internet em ribeirao.usp.br ou pelo aplicativo do Jornal da USP no celular.",APROVADO,"[{""rule"": ""duplicate_byline"", ""reason"": ""byline inicial repete o campo autor"", ""text"": ""Por [Joyce Pezzato\\*](https://jornal.usp.br/author/joycepezzato/ \""Posts de Joyce Pezzato*\"")""}]"
usp_news_000061,A nutrição clínica e sua importância na manutenção dos cuidados do paciente oncológico,,2674,2674,0,"A pesquisa conduzida no Icesp evidencia como a identificação precoce da desnutrição pode transformar o cuidado ao paciente oncológico – Foto: [Diogo Moreira/ICESP](https://www.facebook.com/photo/?fbid=574183171405706&set=a.574183131405710)

<https://jornal.usp.br/wp-content/uploads/2026/05/NUTRICAO-CLINICA_ATENCAO-ONCOLOGICA-NO-ADULTO_GISLENE-OZORIO.mp3>

Um artigo desenvolvido no Programa de Residência Multiprofissional em Atenção Oncológica no Adulto do Hospital das Clínicas da Faculdade de Me","A pesquisa conduzida no Icesp evidencia como a identificação precoce da desnutrição pode transformar o cuidado ao paciente oncológico – Foto: [Diogo Moreira/ICESP](https://www.facebook.com/photo/?fbid=574183171405706&set=a.574183131405710)

<https://jornal.usp.br/wp-content/uploads/2026/05/NUTRICAO-CLINICA_ATENCAO-ONCOLOGICA-NO-ADULTO_GISLENE-OZORIO.mp3>

Um artigo desenvolvido no Programa de Residência Multiprofissional em Atenção Oncológica no Adulto do Hospital das Clínicas da Faculdade de Me"," possuem o acompanhamento nutricional especializado. Com essa forma de análise, qualquer profissional da saúde consegue aferir como está determinado paciente. Com reconhecimento internacional, a pesquisa conduzida no Icesp evidencia como a identificação precoce da desnutrição pode transformar o cuidado ao paciente oncológico. O estudo amplia o acesso a ferramentas mais objetivas de avaliação nutricional, contribuindo para reduzir complicações, interrupções no tratamento e índices de mortalidade."," possuem o acompanhamento nutricional especializado. Com essa forma de análise, qualquer profissional da saúde consegue aferir como está determinado paciente. Com reconhecimento internacional, a pesquisa conduzida no Icesp evidencia como a identificação precoce da desnutrição pode transformar o cuidado ao paciente oncológico. O estudo amplia o acesso a ferramentas mais objetivas de avaliação nutricional, contribuindo para reduzir complicações, interrupções no tratamento e índices de mortalidade.",APROVADO,[]
usp_news_000062,"Bolsa Família reduziu hospitalizações e aumentou empregabilidade, aponta estudo",Frederico Gomes,3389,3284,105,"Por [Frederico Gomes\*](https://jornal.usp.br/author/fredcanalgomesusp-br/ ""Posts de Frederico Gomes*"")

Integração do Bolsa Família com outras políticas está por trás dos efeitos positivos – Foto: [Roberta Aline / MDS – Agência Brasil](https://agenciabrasil.ebc.com.br/direitos-humanos/noticia/2024-01/gratuidade-para-conta-de-acesso-ao-bolsa-familia-e-garantida)

<https://jornal.usp.br/wp-content/uploads/2026/05/BOLSA-FAMILIA-BEM-ESTAR_FREDERICO-GOMES.mp3>

Um [estudo](https://www.nber.org/paper","Integração do Bolsa Família com outras políticas está por trás dos efeitos positivos – Foto: [Roberta Aline / MDS – Agência Brasil](https://agenciabrasil.ebc.com.br/direitos-humanos/noticia/2024-01/gratuidade-para-conta-de-acesso-ao-bolsa-familia-e-garantida)

<https://jornal.usp.br/wp-content/uploads/2026/05/BOLSA-FAMILIA-BEM-ESTAR_FREDERICO-GOMES.mp3>

Um [estudo](https://www.nber.org/papers/w35006) apontou que uma ampliação do programa Bolsa Família, em 2012, diminuiu entre os beneficiários a","a renda familiar para elegibilidade ao programa, e não os vínculos empregatícios. Além disso, pessoas que deixaram de receber o benefício após conseguirem emprego podem retornar ao programa em até 36 meses, caso voltem à condição de vulnerabilidade.

Assim, os beneficiários passam a ter maior liberdade de escolha sobre como se inserir no mercado de trabalho, sem precisar aceitar imediatamente ocupações informais com remuneração inferior ao valor do benefício.

\**Sob supervisão de Marcia Avanza*","a renda familiar para elegibilidade ao programa, e não os vínculos empregatícios. Além disso, pessoas que deixaram de receber o benefício após conseguirem emprego podem retornar ao programa em até 36 meses, caso voltem à condição de vulnerabilidade.

Assim, os beneficiários passam a ter maior liberdade de escolha sobre como se inserir no mercado de trabalho, sem precisar aceitar imediatamente ocupações informais com remuneração inferior ao valor do benefício.

\**Sob supervisão de Marcia Avanza*",APROVADO,"[{""rule"": ""duplicate_byline"", ""reason"": ""byline inicial repete o campo autor"", ""text"": ""Por [Frederico Gomes\\*](https://jornal.usp.br/author/fredcanalgomesusp-br/ \""Posts de Frederico Gomes*\"")""}]"
usp_news_000063,Study suggests that sexual behavior of infant capuchin monkeys may have complex functions,,7838,7331,507,"## Study suggests that sexual behavior of infant capuchin monkeys may have complex functions

## Actions displayed during infancy may be associated with maturation, the establishment of affective bonds and dominance

Publicado: 28/05/2026 às 9:30 Atualizado: 01/06/2026 às 13:58

## By: Ivanir Ferreira

## Art by: Simone Gomes

The capuchin monkeys were observed in their natural environment, and the sexual behavior they displayed during the first year of life may not be associated with practice f","## Actions displayed during infancy may be associated with maturation, the establishment of affective bonds and dominance

Publicado: 28/05/2026 às 9:30 Atualizado: 01/06/2026 às 13:58

## By: Ivanir Ferreira

## Art by: Simone Gomes

The capuchin monkeys were observed in their natural environment, and the sexual behavior they displayed during the first year of life may not be associated with practice for reproductive roles in adulthood – Photo: Laboratory of Ethology, Development and Social Int","olimarygarcia@gmail.com)

**English version: Nexus Traduções, edited by Denis Pacheco**

---

**Política de uso**
A reprodução de matérias e fotografias é livre mediante a citação do Jornal da USP e do autor. No caso dos arquivos de áudio, deverão constar dos créditos a Rádio USP e, em sendo explicitados, os autores. Para uso de arquivos de vídeo, esses créditos deverão mencionar a TV USP e, caso estejam explicitados, os autores. Fotos devem ser creditadas como USP Imagens e o nome do fotógrafo.","tic and evolutionary insights](https://www.google.com/search?q=https://www.sciencedirect.com/science/article/pii/S1090513826000139)* was published in the journal *Evolution and Human Behavior.*

Further information: Irene Delval, [irenedelval@alumni.usp.br](mailto:irenedelval@alumni.usp.br); [irenedelval@gmail.com](mailto:irenedelval@gmail.com) and Solimary Garcia Hernández, [solimarygarcia@gmail.com](mailto:solimarygarcia@gmail.com)

**English version: Nexus Traduções, edited by Denis Pacheco**",APROVADO,"[{""rule"": ""duplicate_leading_title"", ""reason"": ""primeiro bloco repete o campo titulo"", ""text"": ""## Study suggests that sexual behavior of infant capuchin monkeys may have complex functions""}, {""rule"": ""generic_reuse_credits"", ""reason"": ""política institucional geral após o artigo"", ""text"": ""**Política de uso**\nA reprodução de matérias e fotografias é livre mediante a citação do Jornal da USP e do autor. No caso dos arquivos de áudio, deverão constar dos créditos a Rádio USP e, em sendo explicitados, os autores. Para uso de arquivos de vídeo, esses créditos deverão mencionar a TV USP e, caso estejam explicitados, os autores. Fotos devem ser creditadas como USP Imagens e o nome do fotógrafo.""}, {""rule"": ""generic_reuse_separator"", ""reason"": ""separador do bloco institucional removido"", ""text"": ""---""}]"
usp_news_000064,Acordo entre Mercosul e União Europeia amplia debate sobre impactos no Brasil,Joyce Pezzato,7045,6952,93,"Por [Joyce Pezzato\*](https://jornal.usp.br/author/joycepezzato/ ""Posts de Joyce Pezzato*"")

O acordo entre o Mercosul e a União Europeia prevê redução gradual de tarifas para até 93% das exportações entre os blocos e pode impulsionar setores como agronegócio, indústria e comércio exterior brasileiro nos próximos anos – Foto: [Freepik/Magnific](https://www.magnific.com/free-vector/flat-business-deal-concept_4252224.htm#fromView=search&page=1&position=15&uuid=817bb6ec-05fd-45d3-af00-7a8afaffe1c3&","O acordo entre o Mercosul e a União Europeia prevê redução gradual de tarifas para até 93% das exportações entre os blocos e pode impulsionar setores como agronegócio, indústria e comércio exterior brasileiro nos próximos anos – Foto: [Freepik/Magnific](https://www.magnific.com/free-vector/flat-business-deal-concept_4252224.htm#fromView=search&page=1&position=15&uuid=817bb6ec-05fd-45d3-af00-7a8afaffe1c3&query=acordo+de+livre+com%C3%A9rci)

<https://jornal.usp.br/wp-content/uploads/2026/05/MERCOS","eio à forte pressão de agricultores europeus. Por isso, elas também podem ser interpretadas como medidas de caráter protecionista.”

Contudo, Celli destaca que a decisão pode gerar desgaste político logo no início da implementação do tratado. “É uma sinalização ruim para um acordo que pretende formar uma das maiores zonas de livre-comércio do mundo. Politicamente, não é um bom começo para a relação entre Mercosul e União Europeia.”

*\*Estagiária sob supervisão de Ferraz Junior e Gabriel Soares*","eio à forte pressão de agricultores europeus. Por isso, elas também podem ser interpretadas como medidas de caráter protecionista.”

Contudo, Celli destaca que a decisão pode gerar desgaste político logo no início da implementação do tratado. “É uma sinalização ruim para um acordo que pretende formar uma das maiores zonas de livre-comércio do mundo. Politicamente, não é um bom começo para a relação entre Mercosul e União Europeia.”

*\*Estagiária sob supervisão de Ferraz Junior e Gabriel Soares*",APROVADO,"[{""rule"": ""duplicate_byline"", ""reason"": ""byline inicial repete o campo autor"", ""text"": ""Por [Joyce Pezzato\\*](https://jornal.usp.br/author/joycepezzato/ \""Posts de Joyce Pezzato*\"")""}]"
usp_news_000065,Covid longa: abordagem inédita une 15 especialidades e reduz peregrinação de pacientes,,7875,7784,91,"## Covid longa: abordagem inédita une 15 especialidades e reduz peregrinação de pacientes

## Estudo mostra como é possível realizar investigações científicas interdisciplinares e oferecer atendimento para uma condição complexa sem sobrecarregar o paciente

## Texto: Luiza Caires

## Arte: Livia Bortoletto\*

Fadiga crônica, atingindo especialmente mulheres, é um dos eixos de atenção de modelo interdisciplinar criado para mapear os impactos de longo prazo do coronavírus nos pacientes – Foto: way","## Estudo mostra como é possível realizar investigações científicas interdisciplinares e oferecer atendimento para uma condição complexa sem sobrecarregar o paciente

## Texto: Luiza Caires

## Arte: Livia Bortoletto\*

Fadiga crônica, atingindo especialmente mulheres, é um dos eixos de atenção de modelo interdisciplinar criado para mapear os impactos de longo prazo do coronavírus nos pacientes – Foto: wayhomestudio/Magnific

No início da pandemia de covid-19, parecia que estávamos enfrentando u"," Roberto Ribeiro Carvalho coordena a iniciativa envolvendo mais de 100 profissionais, entre pesquisadores, estudantes e equipes administrativas. O projeto contou com financiamento da Fundação de Amparo à Pesquisa do Estado de São Paulo (Fapesp) e apoio da sociedade civil, por meio de doações geridas pela Fundação Faculdade de Medicina.

Carlos Carvalho - Foto: Marcos Santos/USP Imagens

Mais informações: laura.sampaio@hc.fm.usp.br, com Laura Azevedo

*\*Estagiária sob orientação de Simone Gomes*"," Roberto Ribeiro Carvalho coordena a iniciativa envolvendo mais de 100 profissionais, entre pesquisadores, estudantes e equipes administrativas. O projeto contou com financiamento da Fundação de Amparo à Pesquisa do Estado de São Paulo (Fapesp) e apoio da sociedade civil, por meio de doações geridas pela Fundação Faculdade de Medicina.

Carlos Carvalho - Foto: Marcos Santos/USP Imagens

Mais informações: laura.sampaio@hc.fm.usp.br, com Laura Azevedo

*\*Estagiária sob orientação de Simone Gomes*",APROVADO,"[{""rule"": ""duplicate_leading_title"", ""reason"": ""primeiro bloco repete o campo titulo"", ""text"": ""## Covid longa: abordagem inédita une 15 especialidades e reduz peregrinação de pacientes""}]"
usp_news_000066,E-book gratuito reúne opções de lanches sem glúten e de baixo custo desenvolvidas em pesquisas,Izabel Leão,5870,5790,80,"Por [Izabel Leão](https://jornal.usp.br/author/izabel/ ""Posts de Izabel Leão"")

Imagens dos bastidores por trás das receitas – Foto: E-book “A arte de comer sem glúten”

.
Comer de forma segura e saborosa sem gastar muito é um dos maiores desafios para quem possui restrições alimentares ao glúten. Para preencher essa lacuna, a USP lançou o e-book *A arte de comer sem glúten: lanches práticos e acessíveis*. A obra, organizada pelas pesquisadoras Luana Barros Pires e Laís Mariano Zanin, da Faculda","Imagens dos bastidores por trás das receitas – Foto: E-book “A arte de comer sem glúten”

.
Comer de forma segura e saborosa sem gastar muito é um dos maiores desafios para quem possui restrições alimentares ao glúten. Para preencher essa lacuna, a USP lançou o e-book *A arte de comer sem glúten: lanches práticos e acessíveis*. A obra, organizada pelas pesquisadoras Luana Barros Pires e Laís Mariano Zanin, da Faculdade de Medicina de Ribeirão Preto (FMRP) da USP, reúne receitas testadas que prio"," misturar.

**Mix de farinhas II**

Ingredientes:

2 xícaras e 1/2 de chá de farinha de arroz
1 xícara de chá de farinha de grão de bico
1/2 xícara de chá de polvilho doce
2 cols. de chá de goma xantana

Modo de preparo:

Medir todos os ingredientes, colocar em um recipiente e misturar.

Para ler o livro *A arte de comer sem glúten: lanches práticos e acessíveis* na íntegra e todas as receitas [clique aqui .](https://www.livrosabertos.abcd.usp.br/portaldelivrosUSP/catalog/view/1841/1680/6821)

."," misturar.

**Mix de farinhas II**

Ingredientes:

2 xícaras e 1/2 de chá de farinha de arroz
1 xícara de chá de farinha de grão de bico
1/2 xícara de chá de polvilho doce
2 cols. de chá de goma xantana

Modo de preparo:

Medir todos os ingredientes, colocar em um recipiente e misturar.

Para ler o livro *A arte de comer sem glúten: lanches práticos e acessíveis* na íntegra e todas as receitas [clique aqui .](https://www.livrosabertos.abcd.usp.br/portaldelivrosUSP/catalog/view/1841/1680/6821)

.",APROVADO,"[{""rule"": ""duplicate_byline"", ""reason"": ""byline inicial repete o campo autor"", ""text"": ""Por [Izabel Leão](https://jornal.usp.br/author/izabel/ \""Posts de Izabel Leão\"")""}]"
usp_news_000067,YouTube: como a plataforma se tornou um ator político no debate público,,8602,8113,489,"## YouTube: como a plataforma se tornou um ator político no debate público

## Pesquisa da USP sugere que a plataforma organiza um novo ciclo de debates, com base em métricas de engajamento e monetização

Publicado: 28/05/2026 às 8:07

## Texto: Yasmin Constante\*

## Arte: Heloisa Falaschi\*\*

Letramento digital pode ser caminho para o uso responsável da tecnologia – [Foto: Szabó Viktor/Pexels](https://www.pexels.com/pt-br/foto/mao-smartphone-internet-celular-3227986/)

Um estudo da Faculdade ","## Pesquisa da USP sugere que a plataforma organiza um novo ciclo de debates, com base em métricas de engajamento e monetização

Publicado: 28/05/2026 às 8:07

## Texto: Yasmin Constante\*

## Arte: Heloisa Falaschi\*\*

Letramento digital pode ser caminho para o uso responsável da tecnologia – [Foto: Szabó Viktor/Pexels](https://www.pexels.com/pt-br/foto/mao-smartphone-internet-celular-3227986/)

Um estudo da Faculdade de Filosofia, Letras e Ciências Humanas (FFLCH) da USP investigou discursos ","tecnologias-dominadas-pelas-big-techs-colocam-a-democracia-em-risco-em-varias-frentes/)

---

**Política de uso**
A reprodução de matérias e fotografias é livre mediante a citação do Jornal da USP e do autor. No caso dos arquivos de áudio, deverão constar dos créditos a Rádio USP e, em sendo explicitados, os autores. Para uso de arquivos de vídeo, esses créditos deverão mencionar a TV USP e, caso estejam explicitados, os autores. Fotos devem ser creditadas como USP Imagens e o nome do fotógrafo.","stagiária sob orientação de Fabiana Mariz*

*\*\*Estagiária sob orientação de Simone Gomes*

## Leia +

## [Ascensão da extrema direita no mundo reflete crise da democracia](https://jornal.usp.br/radio-usp/ascensao-da-extrema-direita-no-mundo-reflete-crise-da-democracia/)

## [Tecnologias dominadas pelas big techs colocam a democracia em risco em várias frentes](https://jornal.usp.br/ciencias/ciencias-humanas/tecnologias-dominadas-pelas-big-techs-colocam-a-democracia-em-risco-em-varias-frentes/)",APROVADO,"[{""rule"": ""duplicate_leading_title"", ""reason"": ""primeiro bloco repete o campo titulo"", ""text"": ""## YouTube: como a plataforma se tornou um ator político no debate público""}, {""rule"": ""generic_reuse_credits"", ""reason"": ""política institucional geral após o artigo"", ""text"": ""**Política de uso**\nA reprodução de matérias e fotografias é livre mediante a citação do Jornal da USP e do autor. No caso dos arquivos de áudio, deverão constar dos créditos a Rádio USP e, em sendo explicitados, os autores. Para uso de arquivos de vídeo, esses créditos deverão mencionar a TV USP e, caso estejam explicitados, os autores. Fotos devem ser creditadas como USP Imagens e o nome do fotógrafo.""}, {""rule"": ""generic_reuse_separator"", ""reason"": ""separador do bloco institucional removido"", ""text"": ""---""}]"
usp_news_000068,ONU avança em decisão histórica sobre justiça climática,Simone Lemos,1108,1021,87,"Por [Simone Lemos](https://jornal.usp.br/author/silemusp-br/ ""Posts de Simone Lemos"")

<https://jornal.usp.br/wp-content/uploads/2026/05/SUSTENTACULOS_28-05-26_ELI-DA-VEIGA_SIMONE-LEMOS.mp3>

A Assembleia Geral da ONU aprovou uma decisão histórica para o Direito Internacional e a justiça climática. A medida recebeu apoio de 141 países e oposição de apenas oito: Arábia Saudita, Belarus, Estados Unidos, Iêmen, Irã, Israel, Libéria e Rússia.

Segundo o professor José Eli da Veiga, esses países têm ","<https://jornal.usp.br/wp-content/uploads/2026/05/SUSTENTACULOS_28-05-26_ELI-DA-VEIGA_SIMONE-LEMOS.mp3>

A Assembleia Geral da ONU aprovou uma decisão histórica para o Direito Internacional e a justiça climática. A medida recebeu apoio de 141 países e oposição de apenas oito: Arábia Saudita, Belarus, Estados Unidos, Iêmen, Irã, Israel, Libéria e Rússia.

Segundo o professor José Eli da Veiga, esses países têm interesse em manter o atual modelo ligado ao aquecimento global, mas mudanças são neces","tarista, a demora nessas mudanças favorece países que continuam lucrando com o atual modelo energético e dificulta avanços no combate às mudanças climáticas.

---

**Sustentáculos**
A coluna [*Sustentáculos*](https://jornal.usp.br/radio-usp/perfis/jose-eli-da-veiga/), com o professor José Eli da Veiga, vai ao ar quinzenalmente quinta-feira às 8h, na Rádio USP (São Paulo 93,7; Ribeirão Preto 107,9) e também no [Youtube](https://goo.gl/wD9n5n), com produção na Rádio USP, Jornal da USP e TV USP.

.","tarista, a demora nessas mudanças favorece países que continuam lucrando com o atual modelo energético e dificulta avanços no combate às mudanças climáticas.

---

**Sustentáculos**
A coluna [*Sustentáculos*](https://jornal.usp.br/radio-usp/perfis/jose-eli-da-veiga/), com o professor José Eli da Veiga, vai ao ar quinzenalmente quinta-feira às 8h, na Rádio USP (São Paulo 93,7; Ribeirão Preto 107,9) e também no [Youtube](https://goo.gl/wD9n5n), com produção na Rádio USP, Jornal da USP e TV USP.

.",APROVADO,"[{""rule"": ""duplicate_byline"", ""reason"": ""byline inicial repete o campo autor"", ""text"": ""Por [Simone Lemos](https://jornal.usp.br/author/silemusp-br/ \""Posts de Simone Lemos\"")""}]"
usp_news_000069,Concerto gratuito na USP mostra faces da violência e discute tema por meio da música,Jenny Perossi,2662,2569,93,"Por [Jenny Perossi\*](https://jornal.usp.br/author/joao-perossi/ ""Posts de Jenny Perossi*"")

Foto: Marcos Santos/USP Imagens

A Orquestra Sinfônica da USP (Osusp) realiza no dia 30 de maio, às 16h, a primeira apresentação da série de concertos *Torre do Relógio,* com o tema *Violência e seus significados.* O pesquisador e sociólogo Sérgio Adorno, do Núcleo de Estudos da Violência (NEV), é o palestrante convidado. Os ingressos são gratuitos e podem ser reservados on-line pela plataforma appticket","Foto: Marcos Santos/USP Imagens

A Orquestra Sinfônica da USP (Osusp) realiza no dia 30 de maio, às 16h, a primeira apresentação da série de concertos *Torre do Relógio,* com o tema *Violência e seus significados.* O pesquisador e sociólogo Sérgio Adorno, do Núcleo de Estudos da Violência (NEV), é o palestrante convidado. Os ingressos são gratuitos e podem ser reservados on-line pela plataforma appticket, [clicando aqui](http://appticket.com.br/concerto-osusp-torre-do-relogio-1). A orquestra sug"," (Osusp)
Palestrante convidado: Sérgio Adorno – Coordenador do Núcleo de Estudos da Violência da USP
Programa:
Ernst Widmer – *Hommages*, Op. 18
Rubens Russomanno Ricciardi – *Candelárias: uma abertura trágica*
Ludwig van Beethoven – *Sinfonia nº 6 em Fá Maior*, Op. 68, *Pastoral*
Claude Debussy (orq. André Caplet) – *Clair de Lune*

*\*Estagiária sob supervisão de Alan César Belo Angelucci
Com revisão e edição da equipe de Comunicação da Pró-Reitoria de Cultura e Extensão Universitária (PRCEU)*"," (Osusp)
Palestrante convidado: Sérgio Adorno – Coordenador do Núcleo de Estudos da Violência da USP
Programa:
Ernst Widmer – *Hommages*, Op. 18
Rubens Russomanno Ricciardi – *Candelárias: uma abertura trágica*
Ludwig van Beethoven – *Sinfonia nº 6 em Fá Maior*, Op. 68, *Pastoral*
Claude Debussy (orq. André Caplet) – *Clair de Lune*

*\*Estagiária sob supervisão de Alan César Belo Angelucci
Com revisão e edição da equipe de Comunicação da Pró-Reitoria de Cultura e Extensão Universitária (PRCEU)*",APROVADO,"[{""rule"": ""duplicate_byline"", ""reason"": ""byline inicial repete o campo autor"", ""text"": ""Por [Jenny Perossi\\*](https://jornal.usp.br/author/joao-perossi/ \""Posts de Jenny Perossi*\"")""}]"
usp_news_000070,Exposição “Quilombo do Saracura Vai-Vai” tem visita mediada no Domingo na Yayá,Ana Célia de Moura,3291,3192,99,"Por [Ana Célia de Moura](https://jornal.usp.br/author/anacmusp-br/ ""Posts de Ana Célia de Moura"")

Fechando a programação de maio do Centro de Preservação Cultural da USP/Casa de Dona Yayá, a equipe do educativo recebe integrantes do coletivo [Mobiliza Saracura Vai-Vai](https://www.instagram.com/estacaosaracuravaivai/) e do Departamento Cultural da Escola de Samba Vai-Vai para realizar uma visita mediada sobre a exposição em cartaz, *Imagens em Patrimônio: Bixiga / Quilombo do Saracura Vai-Vai: ","Fechando a programação de maio do Centro de Preservação Cultural da USP/Casa de Dona Yayá, a equipe do educativo recebe integrantes do coletivo [Mobiliza Saracura Vai-Vai](https://www.instagram.com/estacaosaracuravaivai/) e do Departamento Cultural da Escola de Samba Vai-Vai para realizar uma visita mediada sobre a exposição em cartaz, *Imagens em Patrimônio: Bixiga / Quilombo do Saracura Vai-Vai: legado, vivência e reXistência*. A exposição retrata a diversidade cultural do Bixiga e destaca a d","s 10h às 13h. Não há abertura aos sábados.

### **Serviço**

**Domingo na Yayá**
Visita mediada à exposição *Imagens em Patrimônio: Bixiga/Quilombo do Saracura Vai Vai: legado, vivência e reXistência*
Quando: Dia 31 de maio, das 11h às 13h
Local: Centro de Preservação Cultural (CPC)/Casa de Dona Yayá
Endereço: Rua Major Diogo, 353, Bela Vista, São Paulo-SP
Quanto: Grátis, com inscrições pelo formulário [clicando aqui](https://docs.google.com/forms/d/1rIUPHJoFFlnRgNp8qB9VSH4C-nXYAUCWnDUxG4frhFM/)","s 10h às 13h. Não há abertura aos sábados.

### **Serviço**

**Domingo na Yayá**
Visita mediada à exposição *Imagens em Patrimônio: Bixiga/Quilombo do Saracura Vai Vai: legado, vivência e reXistência*
Quando: Dia 31 de maio, das 11h às 13h
Local: Centro de Preservação Cultural (CPC)/Casa de Dona Yayá
Endereço: Rua Major Diogo, 353, Bela Vista, São Paulo-SP
Quanto: Grátis, com inscrições pelo formulário [clicando aqui](https://docs.google.com/forms/d/1rIUPHJoFFlnRgNp8qB9VSH4C-nXYAUCWnDUxG4frhFM/)",APROVADO,"[{""rule"": ""duplicate_byline"", ""reason"": ""byline inicial repete o campo autor"", ""text"": ""Por [Ana Célia de Moura](https://jornal.usp.br/author/anacmusp-br/ \""Posts de Ana Célia de Moura\"")""}]"
usp_news_000071,Da ideia ao impacto: USP em Ribeirão Preto constrói rede para transformar pesquisa em soluções para a sociedade,,32657,32128,529,"## Da ideia ao impacto: USP em Ribeirão Preto constrói rede para transformar pesquisa em soluções para a sociedade

## Com formação empreendedora e o desenvolvimento de terapias avançadas, o campus da USP de Ribeirão Preto estruturou uma rede que aproxima pesquisadores, hospital, startups e empresas para transformar ciência em impacto social, econômico e tecnológico

Publicado: 27/05/2026 às 18:07 Atualizado: 29/05/2026 às 9:49

## Texto: Rose Talamone

## Hemocentro é uma das estruturas que tra","## Com formação empreendedora e o desenvolvimento de terapias avançadas, o campus da USP de Ribeirão Preto estruturou uma rede que aproxima pesquisadores, hospital, startups e empresas para transformar ciência em impacto social, econômico e tecnológico

Publicado: 27/05/2026 às 18:07 Atualizado: 29/05/2026 às 9:49

## Texto: Rose Talamone

## Hemocentro é uma das estruturas que transformam ciência em aplicação prática - Foto: Assessoria de Imprensa do Hemocentro de Ribeirão Preto

Da pesquisa ap","elhor essa rede, estimular conexões e evitar que projetos importantes fiquem isolados”.

---

**Política de uso**
A reprodução de matérias e fotografias é livre mediante a citação do Jornal da USP e do autor. No caso dos arquivos de áudio, deverão constar dos créditos a Rádio USP e, em sendo explicitados, os autores. Para uso de arquivos de vídeo, esses créditos deverão mencionar a TV USP e, caso estejam explicitados, os autores. Fotos devem ser creditadas como USP Imagens e o nome do fotógrafo.","ação capazes de dar visibilidade a iniciativas que muitas vezes surgem de forma independente dentro das unidades, hospitais, centros e grupos de pesquisa. “O ecossistema cresceu muito nos últimos anos e hoje existe uma quantidade enorme de iniciativas acontecendo simultaneamente”, afirma, acrescentando que o “desafio passa também por criar formas de integração para que a própria Universidade consiga enxergar melhor essa rede, estimular conexões e evitar que projetos importantes fiquem isolados”.",APROVADO,"[{""rule"": ""duplicate_leading_title"", ""reason"": ""primeiro bloco repete o campo titulo"", ""text"": ""## Da ideia ao impacto: USP em Ribeirão Preto constrói rede para transformar pesquisa em soluções para a sociedade""}, {""rule"": ""generic_reuse_credits"", ""reason"": ""política institucional geral após o artigo"", ""text"": ""**Política de uso**\nA reprodução de matérias e fotografias é livre mediante a citação do Jornal da USP e do autor. No caso dos arquivos de áudio, deverão constar dos créditos a Rádio USP e, em sendo explicitados, os autores. Para uso de arquivos de vídeo, esses créditos deverão mencionar a TV USP e, caso estejam explicitados, os autores. Fotos devem ser creditadas como USP Imagens e o nome do fotógrafo.""}, {""rule"": ""generic_reuse_separator"", ""reason"": ""separador do bloco institucional removido"", ""text"": ""---""}]"
usp_news_000072,Por um pacto uspiano,,5801,5392,409,"Foto: Divulgação / IQ-USP

Em [artigo publicado no **Jornal da USP**](https://jornal.usp.br/artigos/em-defesa-dos-bandejoes-da-usp/), defendi a ideia de que os bandejões da Universidade não merecem as críticas ácidas feitas pelos alunos durante a paralisação atual, embora haja evidente e necessário espaço para melhorias. A demanda sobre os restaurantes universitários é apenas uma dentre várias reivindicações dos estudantes, muitas delas justas e pertinentes. Como em toda paralisação, pautas são ","Foto: Divulgação / IQ-USP

Em [artigo publicado no **Jornal da USP**](https://jornal.usp.br/artigos/em-defesa-dos-bandejoes-da-usp/), defendi a ideia de que os bandejões da Universidade não merecem as críticas ácidas feitas pelos alunos durante a paralisação atual, embora haja evidente e necessário espaço para melhorias. A demanda sobre os restaurantes universitários é apenas uma dentre várias reivindicações dos estudantes, muitas delas justas e pertinentes. Como em toda paralisação, pautas são ","mos muito quando nos digladiamos e, involuntariamente, municiamos nossos reais adversários.

\_\_\_\_\_\_\_\_\_\_\_\_\_\_\_\_
*(As opiniões expressas nos artigos publicados no **Jornal da USP** são de inteira responsabilidade de seus autores e não refletem opiniões do veículo nem posições institucionais da Universidade de São Paulo. Acesse aqui nossos [parâmetros editoriais para artigos de opinião](https://jornal.usp.br/noticias/parametros-editoriais-para-artigos-de-opiniao-no-jornal-da-usp/).)*"," internacional. Esta instituição deve ter consciência de sua responsabilidade e do mandato a ela outorgado pela sociedade. No entanto, precisa ter a honestidade intelectual de reconhecer seus próprios limites e a progressiva perda de um valor que a ela é muito caro: a autoridade (*University Leadership*). Não ganhamos nada com disputas internas que poderiam ser resolvidas com a sobriedade do diálogo; perdemos muito quando nos digladiamos e, involuntariamente, municiamos nossos reais adversários.",APROVADO,"[{""rule"": ""generic_opinion_notice"", ""reason"": ""aviso institucional genérico após o artigo"", ""text"": ""\\_\\_\\_\\_\\_\\_\\_\\_\\_\\_\\_\\_\\_\\_\\_\\_\n*(As opiniões expressas nos artigos publicados no **Jornal da USP** são de inteira responsabilidade de seus autores e não refletem opiniões do veículo nem posições institucionais da Universidade de São Paulo. Acesse aqui nossos [parâmetros editoriais para artigos de opinião](https://jornal.usp.br/noticias/parametros-editoriais-para-artigos-de-opiniao-no-jornal-da-usp/).)*""}]"
usp_news_000073,Uma Copa entre guerras e paz,,4407,3998,409,"Luciano Victor B. Maluly – Foto: Cecília Bastos/USP Imagens

Patrícia Rangel Rodrigues – Foto: [Reprodução/Facebook](https://www.facebook.com/patricia.rangel.100/)

Apesar dos esforços dos canais de comunicação, especialmente os detentores dos direitos de transmissão, a Copa do Mundo de Futebol Masculino de 2026, que será realizada nos Estados Unidos da América, Canadá e México, pouco chama a atenção do público.

O melhor momento até agora foi o patético suspense criado em torno da convocação do","Luciano Victor B. Maluly – Foto: Cecília Bastos/USP Imagens

Patrícia Rangel Rodrigues – Foto: [Reprodução/Facebook](https://www.facebook.com/patricia.rangel.100/)

Apesar dos esforços dos canais de comunicação, especialmente os detentores dos direitos de transmissão, a Copa do Mundo de Futebol Masculino de 2026, que será realizada nos Estados Unidos da América, Canadá e México, pouco chama a atenção do público.

O melhor momento até agora foi o patético suspense criado em torno da convocação do","lemães. Uma frase é marcante e fica como mensagem: “O esporte une o que a política separa”.

\_\_\_\_\_\_\_\_\_\_\_\_\_\_\_\_
*(As opiniões expressas nos artigos publicados no **Jornal da USP** são de inteira responsabilidade de seus autores e não refletem opiniões do veículo nem posições institucionais da Universidade de São Paulo. Acesse aqui nossos [parâmetros editoriais para artigos de opinião](https://jornal.usp.br/noticias/parametros-editoriais-para-artigos-de-opiniao-no-jornal-da-usp/).)*"," que não há países. Não é difícil. Nenhum motivo para matar ou morrer… e nenhuma religião também. Imagine todas as pessoas vivendo em paz…”

Certa vez, o jornalista Armando Nogueira comentou a notícia de que, mesmo com a divisão da antiga Tchecoslováquia, um grupo de eslovacos torcia pela República Tcheca na final do Campeonato Europeu de Futebol Masculino de 1996, realizado na Inglaterra e vencido pelos alemães. Uma frase é marcante e fica como mensagem: “O esporte une o que a política separa”.",APROVADO,"[{""rule"": ""generic_opinion_notice"", ""reason"": ""aviso institucional genérico após o artigo"", ""text"": ""\\_\\_\\_\\_\\_\\_\\_\\_\\_\\_\\_\\_\\_\\_\\_\\_\n*(As opiniões expressas nos artigos publicados no **Jornal da USP** são de inteira responsabilidade de seus autores e não refletem opiniões do veículo nem posições institucionais da Universidade de São Paulo. Acesse aqui nossos [parâmetros editoriais para artigos de opinião](https://jornal.usp.br/noticias/parametros-editoriais-para-artigos-de-opiniao-no-jornal-da-usp/).)*""}]"
usp_news_000074,Novo escritório da USP intensificará a integração entre a Universidade e a sociedade,,4541,4039,502,"## Novo escritório da USP intensificará a integração entre a Universidade e a sociedade

## O Escritório Ciência e Sociedade conectará a produção do conhecimento produzido na Universidade com as demandas dos diversos setores da sociedade

Publicado: 27/05/2026 às 16:19 Atualizado: 28/05/2026 às 17:53

## Texto: Erika Yamamoto

## Arte: Simone Gomes

Foto: [pikisuperstar/Magnific](https://www.magnific.com/br/vetores-gratis/conceito-de-inovacao-de-design-plano-desenhado-a-mao_20904404.htm#fromView","## O Escritório Ciência e Sociedade conectará a produção do conhecimento produzido na Universidade com as demandas dos diversos setores da sociedade

Publicado: 27/05/2026 às 16:19 Atualizado: 28/05/2026 às 17:53

## Texto: Erika Yamamoto

## Arte: Simone Gomes

Foto: [pikisuperstar/Magnific](https://www.magnific.com/br/vetores-gratis/conceito-de-inovacao-de-design-plano-desenhado-a-mao_20904404.htm#fromView=search&page=2&position=34&uuid=e502999e-fc48-4bd0-b866-7358fb3f3f17&query=ciencia+e+soci","elação à Universidade
- Promoção de fóruns, consultas e diálogos universidade-sociedade

---

**Política de uso**
A reprodução de matérias e fotografias é livre mediante a citação do Jornal da USP e do autor. No caso dos arquivos de áudio, deverão constar dos créditos a Rádio USP e, em sendo explicitados, os autores. Para uso de arquivos de vídeo, esses créditos deverão mencionar a TV USP e, caso estejam explicitados, os autores. Fotos devem ser creditadas como USP Imagens e o nome do fotógrafo.","mplementar essas atividades, pensando juntos em novas soluções”, afirma Adriana.

Adriana Alves - Foto: Marcos Santos / USP Imagens

## Eixos de atuação

- Articulação com lideranças da sociedade civil, do setor produtivo e do poder público
- Identificação das demandas sociais relacionadas às atividades de ensino, pesquisa e extensão universitária
- Realização de pesquisas sobre a expectativa da sociedade em relação à Universidade
- Promoção de fóruns, consultas e diálogos universidade-sociedade",APROVADO,"[{""rule"": ""duplicate_leading_title"", ""reason"": ""primeiro bloco repete o campo titulo"", ""text"": ""## Novo escritório da USP intensificará a integração entre a Universidade e a sociedade""}, {""rule"": ""generic_reuse_credits"", ""reason"": ""política institucional geral após o artigo"", ""text"": ""**Política de uso**\nA reprodução de matérias e fotografias é livre mediante a citação do Jornal da USP e do autor. No caso dos arquivos de áudio, deverão constar dos créditos a Rádio USP e, em sendo explicitados, os autores. Para uso de arquivos de vídeo, esses créditos deverão mencionar a TV USP e, caso estejam explicitados, os autores. Fotos devem ser creditadas como USP Imagens e o nome do fotógrafo.""}, {""rule"": ""generic_reuse_separator"", ""reason"": ""separador do bloco institucional removido"", ""text"": ""---""}]"
usp_news_000075,Inscrições prorrogadas para a Escola de Inverno em Biociências e Biotecnologia,Rafael Cunha,1549,1459,90,"Por [Rafael Cunha\*](https://jornal.usp.br/author/rafaelcunha/ ""Posts de Rafael Cunha*"")

Estão abertas as inscrições, até 31 de maio, para a 11ª edição da Escola de Inverno em Biociências e Biotecnologia (EIBBio), promovida pela Faculdade de Ciências Farmacêuticas de Ribeirão Preto (FCFRP) da USP.

Com foco em formação científica, o evento conta com 60 vagas gratuitas para estudantes das áreas de Farmácia, Biologia, Biomedicina, Bioquímica, Biotecnologia e campos correlatos, desde que ainda não","Estão abertas as inscrições, até 31 de maio, para a 11ª edição da Escola de Inverno em Biociências e Biotecnologia (EIBBio), promovida pela Faculdade de Ciências Farmacêuticas de Ribeirão Preto (FCFRP) da USP.

Com foco em formação científica, o evento conta com 60 vagas gratuitas para estudantes das áreas de Farmácia, Biologia, Biomedicina, Bioquímica, Biotecnologia e campos correlatos, desde que ainda não tenham iniciado o doutorado. Os candidatos podem se inscrever, gratuitamente, [neste link","tes da área. O evento tem como foco aproximar os estudantes das linhas de pesquisa desenvolvidas no programa e na unidade, promovendo uma imersão no ambiente acadêmico e científico da instituição.

A programação reúne atividades teóricas e práticas, incluindo palestras, apresentações das linhas de pesquisa, atividades em laboratórios e sessão de pôsteres científicos. As práticas serão realizadas em laboratórios vinculados às pesquisas dos docentes.

*\*Estagiário sob supervisão de Rose Talamone*","tes da área. O evento tem como foco aproximar os estudantes das linhas de pesquisa desenvolvidas no programa e na unidade, promovendo uma imersão no ambiente acadêmico e científico da instituição.

A programação reúne atividades teóricas e práticas, incluindo palestras, apresentações das linhas de pesquisa, atividades em laboratórios e sessão de pôsteres científicos. As práticas serão realizadas em laboratórios vinculados às pesquisas dos docentes.

*\*Estagiário sob supervisão de Rose Talamone*",APROVADO,"[{""rule"": ""duplicate_byline"", ""reason"": ""byline inicial repete o campo autor"", ""text"": ""Por [Rafael Cunha\\*](https://jornal.usp.br/author/rafaelcunha/ \""Posts de Rafael Cunha*\"")""}]"
usp_news_000076,“Diálogos na USP” discute a influência dos Estados Unidos na ditadura militar,,1380,1380,0,"O programa *Diálogos na USP* desta sexta-feira, dia 29, às 11h, discutirá o papel que os Estados Unidos desempenharam antes e durante a ditadura militar no Brasil (1964-1985). O debate se dará a partir do livro *Olhares ianques*, do professor do Instituto de Relações Internacionais da USP (IRI-USP) Felipe Loureiro, lançado recentemente. Se é conhecida a influência dos Estados Unidos sobre o golpe de 1964, de que forma a interlocução ocorria ao longo do regime? Sob uma perspectiva privilegiada, o","O programa *Diálogos na USP* desta sexta-feira, dia 29, às 11h, discutirá o papel que os Estados Unidos desempenharam antes e durante a ditadura militar no Brasil (1964-1985). O debate se dará a partir do livro *Olhares ianques*, do professor do Instituto de Relações Internacionais da USP (IRI-USP) Felipe Loureiro, lançado recentemente. Se é conhecida a influência dos Estados Unidos sobre o golpe de 1964, de que forma a interlocução ocorria ao longo do regime? Sob uma perspectiva privilegiada, o","ue joga luz a informações inéditas, Loureiro alerta para a profusão de informações que ainda seguem intocadas.

O jornalista Marcello Rollemberg conversa com Felipe Loureiro, historiador e professor e vice-diretor do Instituto de Relações Internacionais da USP (IRI-USP), autor de *Olhares ianques*, e com Pedro Dallari, professor do Instituto de Relações Internacionais da USP (IRI-USP) que foi coordenador e relator da Comissão Nacional da Verdade e é membro da Comissão de Direitos Humanos da USP.","ue joga luz a informações inéditas, Loureiro alerta para a profusão de informações que ainda seguem intocadas.

O jornalista Marcello Rollemberg conversa com Felipe Loureiro, historiador e professor e vice-diretor do Instituto de Relações Internacionais da USP (IRI-USP), autor de *Olhares ianques*, e com Pedro Dallari, professor do Instituto de Relações Internacionais da USP (IRI-USP) que foi coordenador e relator da Comissão Nacional da Verdade e é membro da Comissão de Direitos Humanos da USP.",APROVADO,[]
usp_news_000077,Quanto custa uma vida digna? Projeto estima os salários necessários para cobrir despesas,,9662,9156,506,"## Quanto custa uma vida digna? Projeto estima os salários necessários para cobrir despesas

## Estimativas de salário digno para 79 regiões brasileiras refletem diferenças e desigualdades no custo de vida e no mercado de trabalho

Publicado: 27/05/2026 às 15:51 Atualizado: 29/05/2026 às 9:36

## Texto: Silvana Salles

## Arte: Livia Bortoletto\*\*

Metodologia utilizada no estudo procura aproximar o modelo dos custos reais das famílias brasileiras – Foto: [Stefamerpik/Magnific](https://www.magn","## Estimativas de salário digno para 79 regiões brasileiras refletem diferenças e desigualdades no custo de vida e no mercado de trabalho

Publicado: 27/05/2026 às 15:51 Atualizado: 29/05/2026 às 9:36

## Texto: Silvana Salles

## Arte: Livia Bortoletto\*\*

Metodologia utilizada no estudo procura aproximar o modelo dos custos reais das famílias brasileiras – Foto: [Stefamerpik/Magnific](https://www.magnific.com/free-photo/serious-elder-senior-greyhaired-grandpa-using-calculator-counting-bank-lo","idade/trabalhadoras-do-cuidado-compartilham-experiencias-em-coloquio-realizado-na-usp/)

---

**Política de uso**
A reprodução de matérias e fotografias é livre mediante a citação do Jornal da USP e do autor. No caso dos arquivos de áudio, deverão constar dos créditos a Rádio USP e, em sendo explicitados, os autores. Para uso de arquivos de vídeo, esses créditos deverão mencionar a TV USP e, caso estejam explicitados, os autores. Fotos devem ser creditadas como USP Imagens e o nome do fotógrafo.","por exemplo.

## Leia mais +

## [Documentos sobre escravidão e pós-abolição retratam as dificuldades dos negros para entrar no mercado de trabalho](https://jornal.usp.br/diversidade/documentos-sobre-escravidao-e-pos-abolicao-retratam-as-dificuldades-dos-negros-para-entrar-no-mercado-de-trabalho/)

## [Trabalhadoras do cuidado compartilham experiências em colóquio realizado na USP](https://jornal.usp.br/diversidade/trabalhadoras-do-cuidado-compartilham-experiencias-em-coloquio-realizado-na-usp/)",APROVADO,"[{""rule"": ""duplicate_leading_title"", ""reason"": ""primeiro bloco repete o campo titulo"", ""text"": ""## Quanto custa uma vida digna? Projeto estima os salários necessários para cobrir despesas""}, {""rule"": ""generic_reuse_credits"", ""reason"": ""política institucional geral após o artigo"", ""text"": ""**Política de uso**\nA reprodução de matérias e fotografias é livre mediante a citação do Jornal da USP e do autor. No caso dos arquivos de áudio, deverão constar dos créditos a Rádio USP e, em sendo explicitados, os autores. Para uso de arquivos de vídeo, esses créditos deverão mencionar a TV USP e, caso estejam explicitados, os autores. Fotos devem ser creditadas como USP Imagens e o nome do fotógrafo.""}, {""rule"": ""generic_reuse_separator"", ""reason"": ""separador do bloco institucional removido"", ""text"": ""---""}]"
usp_news_000078,USP recebe encontro nacional sobre sustentabilidade nas universidades,,3861,3861,0,"Banner do evento – Foto: Divulgação

A USP sediará, nos dias 15, a partir das 10h, e 16 de junho, a partir das 9h, o *Seminário Nacional Anual UI GreenMetric: Sustainable Universities – Challenges and Learnings in a Changing World.* Organizado pela Superintendência de Gestão Ambiental (SGA) da USP, o evento reunirá gestores, pesquisadores e especialistas para debater experiências, desafios e estratégias voltadas à sustentabilidade nas instituições de ensino superior. As inscrições já estão abert","Banner do evento – Foto: Divulgação

A USP sediará, nos dias 15, a partir das 10h, e 16 de junho, a partir das 9h, o *Seminário Nacional Anual UI GreenMetric: Sustainable Universities – Challenges and Learnings in a Changing World.* Organizado pela Superintendência de Gestão Ambiental (SGA) da USP, o evento reunirá gestores, pesquisadores e especialistas para debater experiências, desafios e estratégias voltadas à sustentabilidade nas instituições de ensino superior. As inscrições já estão abert"," Intervalo para almoço

14h30 – Universidades sustentáveis: práticas em gestão de resíduos
Participação de representantes da UFLA, Unicamp e Facens

15h30 – Universidades sustentáveis: práticas em educação e governança para o desenvolvimento sustentável
Participação de representantes da UFMS, Unesp e Senac

16h30 – Encerramento do seminário

### 16 de junho – Visita técnica

9h às 16h – Recepção dos participantes e visita a iniciativas de sustentabilidade da USP no campus da Cidade Universitária"," Intervalo para almoço

14h30 – Universidades sustentáveis: práticas em gestão de resíduos
Participação de representantes da UFLA, Unicamp e Facens

15h30 – Universidades sustentáveis: práticas em educação e governança para o desenvolvimento sustentável
Participação de representantes da UFMS, Unesp e Senac

16h30 – Encerramento do seminário

### 16 de junho – Visita técnica

9h às 16h – Recepção dos participantes e visita a iniciativas de sustentabilidade da USP no campus da Cidade Universitária",APROVADO,[]
usp_news_000079,Cientistas brasileiras debatem avanços e experiências de pesquisas em evento de 70 anos do Ipen,,3431,3431,0,"Vista aérea do Ipen, que celebra 70 anos de fundação – Foto: Roberto Fraga/Ipen

.
O Instituto de Pesquisas Energéticas e Nucleares (Ipen), em celebração aos 70 anos de sua fundação, promoverá, no dia 29 de maio, mais um evento da série especial comemorativa, sobre o tema: *Mulheres na Ciência: compartilhando trajetórias, experiências e contribuições no campo científico*. Nesta edição, a proposta é compartilhar experiências de mulheres cientistas ao longo de suas trajetórias profissionais, forta","Vista aérea do Ipen, que celebra 70 anos de fundação – Foto: Roberto Fraga/Ipen

.
O Instituto de Pesquisas Energéticas e Nucleares (Ipen), em celebração aos 70 anos de sua fundação, promoverá, no dia 29 de maio, mais um evento da série especial comemorativa, sobre o tema: *Mulheres na Ciência: compartilhando trajetórias, experiências e contribuições no campo científico*. Nesta edição, a proposta é compartilhar experiências de mulheres cientistas ao longo de suas trajetórias profissionais, forta","ado em Química pela mesma instituição. Atualmente é pesquisadora do Ipen e tem experiência na área de Química, com ênfase em Eletroquímica, atuando principalmente na área de células a combustível.

*Mulheres na Ciência: compartilhando trajetórias, experiências e contribuições no campo científico*Data: dia 29 de maio, das 9h30 às 11h30
Local: Auditório Rômulo Ribeiro Pieroni do Ipen
Endereço: Av. Prof. Lineu Prestes, 2.242, Bloco da Administração, Cidade Universitária, Butantã, São Paulo
Gratuito","ado em Química pela mesma instituição. Atualmente é pesquisadora do Ipen e tem experiência na área de Química, com ênfase em Eletroquímica, atuando principalmente na área de células a combustível.

*Mulheres na Ciência: compartilhando trajetórias, experiências e contribuições no campo científico*Data: dia 29 de maio, das 9h30 às 11h30
Local: Auditório Rômulo Ribeiro Pieroni do Ipen
Endereço: Av. Prof. Lineu Prestes, 2.242, Bloco da Administração, Cidade Universitária, Butantã, São Paulo
Gratuito",APROVADO,[]
usp_news_000080,Peça conta a história do pugilista caribenho Emile Griffith,,2784,2784,0,"Cena de 12º Round: a História de Emile Griffith – Foto: Arquivo pessoal/Eduardo Filho/Coletivo Nocaute

Em cartaz até 14 de junho na sala do Teatro da USP (Tusp) no Centro MariAntonia da USP, a peça *12º Round: A História de Emile Griffith*, do Coletivo Nocaute, conta a trajetória do pugilista caribenho que, ao longo de sua carreira, sofreu com o racismo e a homofobia presentes no meio esportivo.

O espetáculo parte de uma tragédia que abalou para sempre a carreira de Emile Griffith (1938-2013),","Cena de 12º Round: a História de Emile Griffith – Foto: Arquivo pessoal/Eduardo Filho/Coletivo Nocaute

Em cartaz até 14 de junho na sala do Teatro da USP (Tusp) no Centro MariAntonia da USP, a peça *12º Round: A História de Emile Griffith*, do Coletivo Nocaute, conta a trajetória do pugilista caribenho que, ao longo de sua carreira, sofreu com o racismo e a homofobia presentes no meio esportivo.

O espetáculo parte de uma tragédia que abalou para sempre a carreira de Emile Griffith (1938-2013),","tações Santa Cecília e Higienópolis-Mackenzie do metrô). Entrada grátis. Os ingressos devem ser retirados na bilheteria do Centro MariAntonia a partir de uma hora antes do espetáculo.*

*Ouça no link abaixo o boletim* Dica Cultural*, da Rádio USP, sobre a peça* 12º Round: A História de Emile Griffith*, transmitido no dia 25 de maio de 2026. A produção e a apresentação são da jornalista Heloisa Granito.*

<https://jornal.usp.br/wp-content/uploads/2026/05/DICA-CULTURAL-01_25-05-26_TUSP_PECA-1.mp3>","tações Santa Cecília e Higienópolis-Mackenzie do metrô). Entrada grátis. Os ingressos devem ser retirados na bilheteria do Centro MariAntonia a partir de uma hora antes do espetáculo.*

*Ouça no link abaixo o boletim* Dica Cultural*, da Rádio USP, sobre a peça* 12º Round: A História de Emile Griffith*, transmitido no dia 25 de maio de 2026. A produção e a apresentação são da jornalista Heloisa Granito.*

<https://jornal.usp.br/wp-content/uploads/2026/05/DICA-CULTURAL-01_25-05-26_TUSP_PECA-1.mp3>",APROVADO,[]
usp_news_000081,Encontro no Museu do Ipiranga busca reinterpretar modos de vida rurais,,8606,8606,0,"Iniciativa do Museu do Ipiranga propõe uma reinterpretação do acervo a partir de múltiplas vozes – Foto: [Museu do Ipiranga](https://museudoipiranga.org.br/a-colecao-sertaneja-e-os-agentes-do-vale-do-paraiba/)

No próximo sábado, dia 30 de maio, o Museu do Ipiranga realiza o *Encontros com o acervo: a Coleção Sertaneja e os agentes do Vale do Paraíba* dedicado à coleção homônima, reunindo pesquisadores, artistas, artesãos e agentes culturais em um processo coletivo de escuta, troca e produção de","Iniciativa do Museu do Ipiranga propõe uma reinterpretação do acervo a partir de múltiplas vozes – Foto: [Museu do Ipiranga](https://museudoipiranga.org.br/a-colecao-sertaneja-e-os-agentes-do-vale-do-paraiba/)

No próximo sábado, dia 30 de maio, o Museu do Ipiranga realiza o *Encontros com o acervo: a Coleção Sertaneja e os agentes do Vale do Paraíba* dedicado à coleção homônima, reunindo pesquisadores, artistas, artesãos e agentes culturais em um processo coletivo de escuta, troca e produção de","sível em Libras
Classificação livre
Funcionamento: Terça a domingo (incluindo feriados), das 10h às 17h (última entrada às 16h). A bilheteria abre às 9h nos dias pagos e 10h nos dias de gratuidade (25 e 26/01)
Ingressos para as exposições de longa-duração: R$ 30 e R$ 15 (meia-entrada).
Gratuidades: Quartas-feiras e primeiro domingo do mês, além de entrada franca para públicos específicos. Confira mais informações: museudoipiranga.org.br/visite/

*\*Da Assessoria de Imprensa do Museu do Ipiranga*","sível em Libras
Classificação livre
Funcionamento: Terça a domingo (incluindo feriados), das 10h às 17h (última entrada às 16h). A bilheteria abre às 9h nos dias pagos e 10h nos dias de gratuidade (25 e 26/01)
Ingressos para as exposições de longa-duração: R$ 30 e R$ 15 (meia-entrada).
Gratuidades: Quartas-feiras e primeiro domingo do mês, além de entrada franca para públicos específicos. Confira mais informações: museudoipiranga.org.br/visite/

*\*Da Assessoria de Imprensa do Museu do Ipiranga*",APROVADO,[]
usp_news_000082,Queda da fertilidade masculina acende alerta sobre hábitos modernos e poluição,Simone Lemos,7085,6998,87,"Por [Simone Lemos](https://jornal.usp.br/author/silemusp-br/ ""Posts de Simone Lemos"")

Foto: [Andrew Neel/Pexels](https://www.pexels.com/photo/photo-of-man-leaning-on-wooden-table-3132388/)

<https://jornal.usp.br/wp-content/uploads/2026/05/INFERTILIDADE-MASCULINA_SIMONE-LEMOS.mp3>

A queda da fertilidade masculina já é tratada por especialistas como um dos principais desafios de saúde reprodutiva deste século. Dados do Ministério da Saúde mostram aumento da procura por atendimento relacionado à","Foto: [Andrew Neel/Pexels](https://www.pexels.com/photo/photo-of-man-leaning-on-wooden-table-3132388/)

<https://jornal.usp.br/wp-content/uploads/2026/05/INFERTILIDADE-MASCULINA_SIMONE-LEMOS.mp3>

A queda da fertilidade masculina já é tratada por especialistas como um dos principais desafios de saúde reprodutiva deste século. Dados do Ministério da Saúde mostram aumento da procura por atendimento relacionado à infertilidade no Sistema Único de Saúde, enquanto pesquisas internacionais indicam red","mar fórmulas prontas”, afirma.

O especialista destaca ainda a importância da prevenção e do acompanhamento precoce, principalmente entre adolescentes e adultos jovens. “A minha maior preocupação hoje é com os adolescentes. Estamos observando cada vez mais jovens com qualidade espermática muito baixa”, alerta.

Para os especialistas, a discussão sobre fertilidade masculina deve ganhar cada vez mais espaço nos próximos anos, tanto na área médica quanto nas políticas públicas de saúde reprodutiva.","mar fórmulas prontas”, afirma.

O especialista destaca ainda a importância da prevenção e do acompanhamento precoce, principalmente entre adolescentes e adultos jovens. “A minha maior preocupação hoje é com os adolescentes. Estamos observando cada vez mais jovens com qualidade espermática muito baixa”, alerta.

Para os especialistas, a discussão sobre fertilidade masculina deve ganhar cada vez mais espaço nos próximos anos, tanto na área médica quanto nas políticas públicas de saúde reprodutiva.",APROVADO,"[{""rule"": ""duplicate_byline"", ""reason"": ""byline inicial repete o campo autor"", ""text"": ""Por [Simone Lemos](https://jornal.usp.br/author/silemusp-br/ \""Posts de Simone Lemos\"")""}]"
usp_news_000083,Edição de 27 de maio de 2026,Joyce Pezzato,1480,1387,93,"Por [Joyce Pezzato\*](https://jornal.usp.br/author/joycepezzato/ ""Posts de Joyce Pezzato*"")

O *Jornal da USP no Ar – Edição Regional* desta quarta-feira (27/5) informa, entre outras notícias, que a Prefeitura de Ribeirão Preto realiza nesta sexta-feira, dia 29 de maio, a quarta edição do Emprega Mais Ribeirão de 2026, no Parque Tom Jobim, região norte da cidade. O mutirão vai reunir 24 empresas de diferentes segmentos e oferecer 1.080 vagas de emprego, com oportunidades para contratação imediat","O *Jornal da USP no Ar – Edição Regional* desta quarta-feira (27/5) informa, entre outras notícias, que a Prefeitura de Ribeirão Preto realiza nesta sexta-feira, dia 29 de maio, a quarta edição do Emprega Mais Ribeirão de 2026, no Parque Tom Jobim, região norte da cidade. O mutirão vai reunir 24 empresas de diferentes segmentos e oferecer 1.080 vagas de emprego, com oportunidades para contratação imediata. Você também vai ouvir os destaques do **Jornal da USP** e da home Ribeirão Preto do **Jorn","AL-27-05-2026.mp3>

O Jornal da USP no Ar, Edição Regional vai ao ar de segunda a sexta-feira, a partir das 12h30, pela Rádio USP em Ribeirão Preto, com produção e reportagens da Equipe de jornalismo da Rádio USP Ribeirão. Apresentação: Mel Vieira e Ferraz Junior. Técnica: Luiz Fontana, Mario Brother. Supervisão: Ferraz Junior. Coordenação: Gabriel Soares. Você pode sintonizar a Rádio USP em Ribeirão Preto FM 107.9, pela internet em ribeirao.usp.br ou pelo aplicativo do Jornal da USP no celular.","AL-27-05-2026.mp3>

O Jornal da USP no Ar, Edição Regional vai ao ar de segunda a sexta-feira, a partir das 12h30, pela Rádio USP em Ribeirão Preto, com produção e reportagens da Equipe de jornalismo da Rádio USP Ribeirão. Apresentação: Mel Vieira e Ferraz Junior. Técnica: Luiz Fontana, Mario Brother. Supervisão: Ferraz Junior. Coordenação: Gabriel Soares. Você pode sintonizar a Rádio USP em Ribeirão Preto FM 107.9, pela internet em ribeirao.usp.br ou pelo aplicativo do Jornal da USP no celular.",APROVADO,"[{""rule"": ""duplicate_byline"", ""reason"": ""byline inicial repete o campo autor"", ""text"": ""Por [Joyce Pezzato\\*](https://jornal.usp.br/author/joycepezzato/ \""Posts de Joyce Pezzato*\"")""}]"
usp_news_000084,Olimpíada Brasileira de Robótica realiza etapa regional na USP em São Carlos,,5946,5946,0,"Olimpíada Brasileira de Robótica é dividida na modalidade teórica e em três modalidades práticas: resgate, artística e virtual – Foto: Divulgação/ICMC

.
Robôs que seguem trajetos sozinhos, desviam de obstáculos e até encontram vítimas em cenários simulados poderão ser vistos em São Carlos nos dias 13 e 14 de junho. O Instituto de Ciências Matemáticas e de Computação (ICMC) da USP vai sediar a 11ª Etapa Regional da [Olimpíada Brasileira de Robótica (OBR)](https://obr.robocup.org.br/) que, neste ","Olimpíada Brasileira de Robótica é dividida na modalidade teórica e em três modalidades práticas: resgate, artística e virtual – Foto: Divulgação/ICMC

.
Robôs que seguem trajetos sozinhos, desviam de obstáculos e até encontram vítimas em cenários simulados poderão ser vistos em São Carlos nos dias 13 e 14 de junho. O Instituto de Ciências Matemáticas e de Computação (ICMC) da USP vai sediar a 11ª Etapa Regional da [Olimpíada Brasileira de Robótica (OBR)](https://obr.robocup.org.br/) que, neste "," [Lei nº 24.123, de 1º de abril de 2026](https://leis.org/prefeitura/sp/sao-carlos/lei/lei-ordinaria/2026/24123/lei-ordinaria-n-24123-2026-dispoe-sobre-a-criacao-da-semana-municipal-da-robotica-no-municipio-de-sao-carlos-e-da-outras-providencias/?termo=semana%20municipal%20rob%C3%B3tica)
Veja o site da Olimpíada Brasileira de Robótica: [https://obr.robocup.org.br](https://obr.robocup.org.br/)

.

*Texto: Gabriele Maciel, sob supervisão de Denise Casatti, da Assessoria de Comunicação do ICMC/USP*"," [Lei nº 24.123, de 1º de abril de 2026](https://leis.org/prefeitura/sp/sao-carlos/lei/lei-ordinaria/2026/24123/lei-ordinaria-n-24123-2026-dispoe-sobre-a-criacao-da-semana-municipal-da-robotica-no-municipio-de-sao-carlos-e-da-outras-providencias/?termo=semana%20municipal%20rob%C3%B3tica)
Veja o site da Olimpíada Brasileira de Robótica: [https://obr.robocup.org.br](https://obr.robocup.org.br/)

.

*Texto: Gabriele Maciel, sob supervisão de Denise Casatti, da Assessoria de Comunicação do ICMC/USP*",APROVADO,[]
usp_news_000085,Os riscos do encolhimento de áreas verdes nas cidades,,3443,3443,0,"Espraiamento urbano é o nome dado para o crescimento horizontal e desordenado das cidades substituindo as áreas verdes – Foto: Marcos Santos/USP Imagens

<https://jornal.usp.br/wp-content/uploads/2026/05/AREAS-VERDES-NAS-BORDAS-DAS-CIDADES_PROFa_AMARILIS-CASTELI.mp3>

O crescimento acelerado das cidades e da ocupação agrícola nas bordas urbanas tem reduzido áreas verdes, florestas, rios e córregos. Essas áreas verdes oferecem serviços essenciais como regulação do clima, manutenção do ciclo da ág","Espraiamento urbano é o nome dado para o crescimento horizontal e desordenado das cidades substituindo as áreas verdes – Foto: Marcos Santos/USP Imagens

<https://jornal.usp.br/wp-content/uploads/2026/05/AREAS-VERDES-NAS-BORDAS-DAS-CIDADES_PROFa_AMARILIS-CASTELI.mp3>

O crescimento acelerado das cidades e da ocupação agrícola nas bordas urbanas tem reduzido áreas verdes, florestas, rios e córregos. Essas áreas verdes oferecem serviços essenciais como regulação do clima, manutenção do ciclo da ág","r os impactos do espraiamento urbano. Também defende o uso de soluções baseadas na natureza, como jardins de chuva, parques lineares e áreas de proteção ambiental, que ajudam a melhorar a infiltração da água no solo, reduzir enchentes, amenizar o calor urbano e preservar a biodiversidade . Além disso, a pesquisadora ressalta o papel das universidades e da pesquisa científica no desenvolvimento de diagnósticos, tecnologias e diretrizes para políticas públicas voltadas a cidades mais sustentáveis.","r os impactos do espraiamento urbano. Também defende o uso de soluções baseadas na natureza, como jardins de chuva, parques lineares e áreas de proteção ambiental, que ajudam a melhorar a infiltração da água no solo, reduzir enchentes, amenizar o calor urbano e preservar a biodiversidade . Além disso, a pesquisadora ressalta o papel das universidades e da pesquisa científica no desenvolvimento de diagnósticos, tecnologias e diretrizes para políticas públicas voltadas a cidades mais sustentáveis.",APROVADO,[]
usp_news_000086,USP busca voluntários para pesquisa sobre uso de redes sociais,Sofhia Camargo,1155,1059,96,"Por [Sofhia Camargo\*](https://jornal.usp.br/author/sofhiacamargo/ ""Posts de Sofhia Camargo*"")

O Laboratório de Nutrição e Comportamento (LNC) da Faculdade de Filosofia, Ciências e Letras de Ribeirão Preto (FFCLRP) da USP busca voluntários, com idades entre 20 e 30 anos, para participar de uma pesquisa sobre o uso problemático das redes sociais. O estudo é realizado de forma on-line e anônima, com duração média de 15 minutos. Os interessados podem se inscrever [neste link](https://redcap.fmrp.u","O Laboratório de Nutrição e Comportamento (LNC) da Faculdade de Filosofia, Ciências e Letras de Ribeirão Preto (FFCLRP) da USP busca voluntários, com idades entre 20 e 30 anos, para participar de uma pesquisa sobre o uso problemático das redes sociais. O estudo é realizado de forma on-line e anônima, com duração média de 15 minutos. Os interessados podem se inscrever [neste link](https://redcap.fmrp.usp.br/surveys/?s=ND9EKXLTHJCDK3NT).

A pesquisa faz parte do mestrado de Pedro Henrique Bolognez",", e tem como objetivo investigar os efeitos do uso excessivo das redes sociais em aspectos como qualidade subjetiva do sono, saúde mental, prática de atividade física e comer emocional [comportamento caracterizado pelo uso da comida para lidar com sentimentos].

O estudo também conta com a colaboração do professor João Roberto Lopes de Azevedo e da aluna de iniciação científica Laura Carlucci Stefanelli De Luca.

Mais informações: pedrovolpe@usp.br

*\*Estagiária sob supervisão de Rose Talamone*",", e tem como objetivo investigar os efeitos do uso excessivo das redes sociais em aspectos como qualidade subjetiva do sono, saúde mental, prática de atividade física e comer emocional [comportamento caracterizado pelo uso da comida para lidar com sentimentos].

O estudo também conta com a colaboração do professor João Roberto Lopes de Azevedo e da aluna de iniciação científica Laura Carlucci Stefanelli De Luca.

Mais informações: pedrovolpe@usp.br

*\*Estagiária sob supervisão de Rose Talamone*",APROVADO,"[{""rule"": ""duplicate_byline"", ""reason"": ""byline inicial repete o campo autor"", ""text"": ""Por [Sofhia Camargo\\*](https://jornal.usp.br/author/sofhiacamargo/ \""Posts de Sofhia Camargo*\"")""}]"
usp_news_000087,Solução de controvérsias no Mercosul: imagem de sistema ineficiente é equivocada,,7967,7469,498,"## Solução de controvérsias no Mercosul: imagem de sistema ineficiente é equivocada

## Conjunto de mecanismos jurídicos e diplomáticos criado em 1994 tem histórico de 13 demandas resolvidas, sendo por vezes considerado subutilizado. Pesquisador explica porque número não deve ser considerado baixo

Publicado: 27/05/2026 às 11:24

## Texto: Luana Mendes\*

## Arte: Livia Bortoletto\*\*

Os blocos econômicos são associações entre países que firmam acordos para facilitar o comércio e integrar suas ","## Conjunto de mecanismos jurídicos e diplomáticos criado em 1994 tem histórico de 13 demandas resolvidas, sendo por vezes considerado subutilizado. Pesquisador explica porque número não deve ser considerado baixo

Publicado: 27/05/2026 às 11:24

## Texto: Luana Mendes\*

## Arte: Livia Bortoletto\*\*

Os blocos econômicos são associações entre países que firmam acordos para facilitar o comércio e integrar suas economias – Foto: [Magnific](https://www.magnific.com/br/fotos-gratis/a-mao-de-uma-pe","tina-dados-indicam-aumento-de-regimes-autoritarios-por-manipulacao-de-regra-eleitoral/)

---

**Política de uso**
A reprodução de matérias e fotografias é livre mediante a citação do Jornal da USP e do autor. No caso dos arquivos de áudio, deverão constar dos créditos a Rádio USP e, em sendo explicitados, os autores. Para uso de arquivos de vídeo, esses créditos deverão mencionar a TV USP e, caso estejam explicitados, os autores. Fotos devem ser creditadas como USP Imagens e o nome do fotógrafo.","neste [link](https://teses.usp.br/teses/disponiveis/84/84131/tde-19022026-172916/pt-br.html).

Mais informações: ajjoliveira@outlook.com, com Adriano de Oliveira

\**Estagiária sob orientação de Luiza Caires*

\*\**Estagiária sob orientação de Simone Gomes*

## Leia +

## [América Latina: dados indicam aumento de regimes autoritários por manipulação de regra eleitoral](https://jornal.usp.br/ciencias/america-latina-dados-indicam-aumento-de-regimes-autoritarios-por-manipulacao-de-regra-eleitoral/)",APROVADO,"[{""rule"": ""duplicate_leading_title"", ""reason"": ""primeiro bloco repete o campo titulo"", ""text"": ""## Solução de controvérsias no Mercosul: imagem de sistema ineficiente é equivocada""}, {""rule"": ""generic_reuse_credits"", ""reason"": ""política institucional geral após o artigo"", ""text"": ""**Política de uso**\nA reprodução de matérias e fotografias é livre mediante a citação do Jornal da USP e do autor. No caso dos arquivos de áudio, deverão constar dos créditos a Rádio USP e, em sendo explicitados, os autores. Para uso de arquivos de vídeo, esses créditos deverão mencionar a TV USP e, caso estejam explicitados, os autores. Fotos devem ser creditadas como USP Imagens e o nome do fotógrafo.""}, {""rule"": ""generic_reuse_separator"", ""reason"": ""separador do bloco institucional removido"", ""text"": ""---""}]"
usp_news_000088,Protagonismo transgênero na ciência e saúde é tema de workshop,Vitória Gomes,1281,1187,94,"Por [Vitória Gomes\*](https://jornal.usp.br/author/vitoria-gomes/ ""Posts de Vitória Gomes*"")

No dia 15 de junho, das 9h às 18h, o Departamento de Farmacologia da Faculdade de Medicina de Ribeirão Preto (FMRP) da USP promove o *1° Workshop TRANSforma Saúde: O protagonismo transgênero na ciência*, voltado tanto para a comunidade acadêmica quanto para o público externo. O evento, gratuito, será realizado no Anfiteatro Pedreira de Freitas, Prédio Central da FMRP.

O encontro tem como objetivo abord","No dia 15 de junho, das 9h às 18h, o Departamento de Farmacologia da Faculdade de Medicina de Ribeirão Preto (FMRP) da USP promove o *1° Workshop TRANSforma Saúde: O protagonismo transgênero na ciência*, voltado tanto para a comunidade acadêmica quanto para o público externo. O evento, gratuito, será realizado no Anfiteatro Pedreira de Freitas, Prédio Central da FMRP.

O encontro tem como objetivo abordar temas relacionados à produção de conhecimento científico, representatividade trans nos espa","tes, pesquisadores, profissionais da saúde e integrantes da comunidade LGBTQIAPN+ que abordarão temáticas sobre rede de apoio a crianças e adolescentes transgêneros, pesquisa clínica e saúde transespecífica, saúde cardiovascular transmaculina, transmaculinidade e curso de vida e a importância da educação física para a saúde transmasculina.

Mais informações pelo e-mail [mpiofonseca@gmail.com](mailto:mpiofonseca@gmail.com) ou telefone (16) 3315-3221

*\*Estagiária sob supervisão de Rose Talamone*","tes, pesquisadores, profissionais da saúde e integrantes da comunidade LGBTQIAPN+ que abordarão temáticas sobre rede de apoio a crianças e adolescentes transgêneros, pesquisa clínica e saúde transespecífica, saúde cardiovascular transmaculina, transmaculinidade e curso de vida e a importância da educação física para a saúde transmasculina.

Mais informações pelo e-mail [mpiofonseca@gmail.com](mailto:mpiofonseca@gmail.com) ou telefone (16) 3315-3221

*\*Estagiária sob supervisão de Rose Talamone*",APROVADO,"[{""rule"": ""duplicate_byline"", ""reason"": ""byline inicial repete o campo autor"", ""text"": ""Por [Vitória Gomes\\*](https://jornal.usp.br/author/vitoria-gomes/ \""Posts de Vitória Gomes*\"")""}]"
usp_news_000089,Conversa aborda diversidade e comunicação humanizada no cuidado à população LGBTQIA+,Rose Talamone,1709,1623,86,"Por [Rose Talamone](https://jornal.usp.br/author/rosetala/ ""Posts de Rose Talamone"")

O Grupo de Estudos e Pesquisas em Educação Física e Saúde Coletiva (GEPEFSC) da Escola de Educação Física e Esporte de Ribeirão Preto (EEFERP) da USP promove nesta quinta-feira, 28 de maio, a partir das 12h30, reunião aberta para discutir diversidade, gênero, sexualidade e estratégias de comunicação humanizada voltadas à promoção do cuidado em saúde da população LGBTQIA+. O encontro será realizado na Sala 3, 1º","O Grupo de Estudos e Pesquisas em Educação Física e Saúde Coletiva (GEPEFSC) da Escola de Educação Física e Esporte de Ribeirão Preto (EEFERP) da USP promove nesta quinta-feira, 28 de maio, a partir das 12h30, reunião aberta para discutir diversidade, gênero, sexualidade e estratégias de comunicação humanizada voltadas à promoção do cuidado em saúde da população LGBTQIA+. O encontro será realizado na Sala 3, 1º andar do prédio verde da EEFERP, aberto à comunidade universitária e ao público em ge","daptação transcultural e validação de uma escala destinada a avaliar barreiras à prática de atividade física entre pessoas da comunidade LGBTQIA+.

O GEPEFSC também participa de pesquisas e ações voltadas à equidade em saúde. O professor Átila Alexandre Trapé, coordenador do grupo, orienta estudos sobre o tema e atuou na coordenação da 11ª edição do Programa de Educação pelo Trabalho para a Saúde, iniciativa que desenvolve atividades relacionadas à diversidade e à inclusão nos serviços de saúde.","daptação transcultural e validação de uma escala destinada a avaliar barreiras à prática de atividade física entre pessoas da comunidade LGBTQIA+.

O GEPEFSC também participa de pesquisas e ações voltadas à equidade em saúde. O professor Átila Alexandre Trapé, coordenador do grupo, orienta estudos sobre o tema e atuou na coordenação da 11ª edição do Programa de Educação pelo Trabalho para a Saúde, iniciativa que desenvolve atividades relacionadas à diversidade e à inclusão nos serviços de saúde.",APROVADO,"[{""rule"": ""duplicate_byline"", ""reason"": ""byline inicial repete o campo autor"", ""text"": ""Por [Rose Talamone](https://jornal.usp.br/author/rosetala/ \""Posts de Rose Talamone\"")""}]"
usp_news_000090,Projeto da USP usa dança e cultura para fortalecer saúde emocional de adolescentes,Vitória Gomes,5611,5517,94,"Por [Vitória Gomes\*](https://jornal.usp.br/author/vitoria-gomes/ ""Posts de Vitória Gomes*"")

Estudantes, professora, adolescentes e crianças reunidos para as atividades do projeto – Foto: Vitória Gomes – estagiária SCS-RP

Mais de 100 adolescentes de regiões próximas do Centro Médico Comunitário Vila Lobato, em Ribeirão Preto, já participaram de oficinas de dança, esporte, música e educação em direitos humanos promovidas por um projeto idealizado e coordenado pela professora Fernanda Kimie Tava","Estudantes, professora, adolescentes e crianças reunidos para as atividades do projeto – Foto: Vitória Gomes – estagiária SCS-RP

Mais de 100 adolescentes de regiões próximas do Centro Médico Comunitário Vila Lobato, em Ribeirão Preto, já participaram de oficinas de dança, esporte, música e educação em direitos humanos promovidas por um projeto idealizado e coordenado pela professora Fernanda Kimie Tavares Mishima, da Faculdade de Filosofia, Ciências e Letras de Ribeirão Preto (FFCLRP) da USP. A","
Bambolês, instrumentos de percussão e brincadeiras são as dinâmicas centrais que compõem o projeto – Foto: Vitória Gomes – estagiária SCS-RP

*Para ouvir a entrevista completa das professoras Fernanda Kimie Tavares Mishima, Eliana Cecília Maggioni Guglielmetti Sulpicio e o médico Luiz Roberto Verri de Barros para a Rádio USP, clique no player abaixo*

<https://jornal.usp.br/wp-content/uploads/2026/05/PROJETO-OFICINA-ADOLESCENTE-SOFHIA-CAMARGO.mp3>

*\*Estagiária sob supervisão de Rose Talamone*","
Bambolês, instrumentos de percussão e brincadeiras são as dinâmicas centrais que compõem o projeto – Foto: Vitória Gomes – estagiária SCS-RP

*Para ouvir a entrevista completa das professoras Fernanda Kimie Tavares Mishima, Eliana Cecília Maggioni Guglielmetti Sulpicio e o médico Luiz Roberto Verri de Barros para a Rádio USP, clique no player abaixo*

<https://jornal.usp.br/wp-content/uploads/2026/05/PROJETO-OFICINA-ADOLESCENTE-SOFHIA-CAMARGO.mp3>

*\*Estagiária sob supervisão de Rose Talamone*",APROVADO,"[{""rule"": ""duplicate_byline"", ""reason"": ""byline inicial repete o campo autor"", ""text"": ""Por [Vitória Gomes\\*](https://jornal.usp.br/author/vitoria-gomes/ \""Posts de Vitória Gomes*\"")""}]"
usp_news_000091,Tornar crime o aumento abusivo do preço de combustíveis não é tão simples quanto parece,Gabriel Albuquerque,5843,5731,112,"Por [Gabriel Albuquerque\*](https://jornal.usp.br/author/gabriel-albuquerque/ ""Posts de Gabriel Albuquerque*"")

O preço dos combustíveis no Brasil é um preço não regulado e, como princípio, vale a liberdade de preço – Foto: Unisouth via Wikimedia Commons/CC BY-SA 3.0

A Câmara dos Deputados aprovou, na última quarta-feira (20), o Projeto de Lei (PL) 1625/2026, que torna crime aumentos abusivos nos preços de combustíveis. O texto estabelece punição para postos de gasolina que elevarem seus preços","O preço dos combustíveis no Brasil é um preço não regulado e, como princípio, vale a liberdade de preço – Foto: Unisouth via Wikimedia Commons/CC BY-SA 3.0

A Câmara dos Deputados aprovou, na última quarta-feira (20), o Projeto de Lei (PL) 1625/2026, que torna crime aumentos abusivos nos preços de combustíveis. O texto estabelece punição para postos de gasolina que elevarem seus preços sem justa causa e será votado no Senado. O projeto considera como sem justa causa aumento de preços que estejam","ão, uma lei que precisa de muita competência técnica para implementar precisa ser feita com calma, com a construção de um arcabouço de implementação e de cumprimento. Se não tiver, pode ser uma lei que não pega e que ninguém cumpre, ou uma lei cujo cumprimento é tão custoso que talvez seja mais caro tê-la do que não tê-la. Isso tem que ser objeto de um debate longe do calor das eleições. Tem que ser um debate racional”, finaliza Coutinho.

\**Sob supervisão de Paulo Capuzzo e Cinderela Caldeira*","ão, uma lei que precisa de muita competência técnica para implementar precisa ser feita com calma, com a construção de um arcabouço de implementação e de cumprimento. Se não tiver, pode ser uma lei que não pega e que ninguém cumpre, ou uma lei cujo cumprimento é tão custoso que talvez seja mais caro tê-la do que não tê-la. Isso tem que ser objeto de um debate longe do calor das eleições. Tem que ser um debate racional”, finaliza Coutinho.

\**Sob supervisão de Paulo Capuzzo e Cinderela Caldeira*",APROVADO,"[{""rule"": ""duplicate_byline"", ""reason"": ""byline inicial repete o campo autor"", ""text"": ""Por [Gabriel Albuquerque\\*](https://jornal.usp.br/author/gabriel-albuquerque/ \""Posts de Gabriel Albuquerque*\"")""}]"
usp_news_000092,Brazilian researchers identify new species of microorganism in active volcano in Antarctica,,11284,10775,509,"## Brazilian researchers identify new species of microorganism in active volcano in Antarctica

## New species of archaeon was found in a fumarole, with temperatures close to 100°C, yet surrounded by ice and snow

Publicado: 27/05/2026 às 9:50

## By: Luana Mendes\*

## Art by: Livia Bortoletto\*\*

To reach this discovery, the researchers collected soil samples on Deception Island, in the South Pole – Photo: Courtesy of Amanda Bendia

A group of researchers from the Oceanographic Institute (IO)","## New species of archaeon was found in a fumarole, with temperatures close to 100°C, yet surrounded by ice and snow

Publicado: 27/05/2026 às 9:50

## By: Luana Mendes\*

## Art by: Livia Bortoletto\*\*

To reach this discovery, the researchers collected soil samples on Deception Island, in the South Pole – Photo: Courtesy of Amanda Bendia

A group of researchers from the Oceanographic Institute (IO) at USP discovered a new species of archaeon, a type of unicellular microorganism without a cell","uidance of Simone Gomes*

**English version: Nexus Traduções, edited by Denis Pacheco**

---

**Política de uso**
A reprodução de matérias e fotografias é livre mediante a citação do Jornal da USP e do autor. No caso dos arquivos de áudio, deverão constar dos créditos a Rádio USP e, em sendo explicitados, os autores. Para uso de arquivos de vídeo, esses créditos deverão mencionar a TV USP e, caso estejam explicitados, os autores. Fotos devem ser creditadas como USP Imagens e o nome do fotógrafo.","nal *ISME Communications* and can be accessed [**here**](https://academic.oup.com/ismecommun/advance-article/doi/10.1093/ismeco/ycag080/8550909).

Further information: amandagb@usp.br, with Amanda Gonçalves Bendia; anacarolinabutarelli@usp.br, with Ana Carolina de Araújo Butarelli; and francielliperes@usp.br, with Francielli Vilela Peres.

*\*Intern under the guidance of Fabiana Mariz*

*\*\*Intern under the guidance of Simone Gomes*

**English version: Nexus Traduções, edited by Denis Pacheco**",APROVADO,"[{""rule"": ""duplicate_leading_title"", ""reason"": ""primeiro bloco repete o campo titulo"", ""text"": ""## Brazilian researchers identify new species of microorganism in active volcano in Antarctica""}, {""rule"": ""generic_reuse_credits"", ""reason"": ""política institucional geral após o artigo"", ""text"": ""**Política de uso**\nA reprodução de matérias e fotografias é livre mediante a citação do Jornal da USP e do autor. No caso dos arquivos de áudio, deverão constar dos créditos a Rádio USP e, em sendo explicitados, os autores. Para uso de arquivos de vídeo, esses créditos deverão mencionar a TV USP e, caso estejam explicitados, os autores. Fotos devem ser creditadas como USP Imagens e o nome do fotógrafo.""}, {""rule"": ""generic_reuse_separator"", ""reason"": ""separador do bloco institucional removido"", ""text"": ""---""}]"
usp_news_000093,Abertas as inscrições para o “Curso de Inverno em Saúde Pública”,Vitória Gomes,1712,1618,94,"Por [Vitória Gomes\*](https://jornal.usp.br/author/vitoria-gomes/ ""Posts de Vitória Gomes*"")

Estão abertas até 31 de maio as inscrições para o *7° Curso de Inverno em Saúde Pública,* voltado para estudantes de graduação, profissionais da saúde e interessados em realizar pesquisa na área da saúde pública. O evento, gratuito, será realizado entre os dias 20 e 24 de julho, das 8h30 às 16h, no Centro de Educação e Aperfeiçoamento Profissional em Saúde (Ceaps) do Hospital das Clínicas de Ribeirão Pr","Estão abertas até 31 de maio as inscrições para o *7° Curso de Inverno em Saúde Pública,* voltado para estudantes de graduação, profissionais da saúde e interessados em realizar pesquisa na área da saúde pública. O evento, gratuito, será realizado entre os dias 20 e 24 de julho, das 8h30 às 16h, no Centro de Educação e Aperfeiçoamento Profissional em Saúde (Ceaps) do Hospital das Clínicas de Ribeirão Preto (HC-FMRP). A inscrição pode ser feita via formulário, [neste link](https://docs.google.com","p.usp.br/?utm_source=ig&utm_medium=social&utm_content=link_in_bio&fbclid=PAZXh0bgNhZW0CMTEAc3J0YwZhcHBfaWQPOTM2NjE5NzQzMzkyNDU5AAGnGAychjIyXwCjOb267aHeQJq1-lMQnDALQWcthS17ma6KbjK9kMos_5yLwHk_aem_pRg-__1TGSsClwJhoU3G1w), perfil do Instagram [@cursosaudepublicausp](https://www.instagram.com/cursosaudepublicausp?utm_source=ig_web_button_share_sheet&igsh=ZDNlZDc0MzIxNw==) ou e-mail [cursosaudepublicausp@gmail.com](mailto:cursosaudepublicausp@gmail.com)

*\*Estagiária sob supervisão de Rose Talamone*","p.usp.br/?utm_source=ig&utm_medium=social&utm_content=link_in_bio&fbclid=PAZXh0bgNhZW0CMTEAc3J0YwZhcHBfaWQPOTM2NjE5NzQzMzkyNDU5AAGnGAychjIyXwCjOb267aHeQJq1-lMQnDALQWcthS17ma6KbjK9kMos_5yLwHk_aem_pRg-__1TGSsClwJhoU3G1w), perfil do Instagram [@cursosaudepublicausp](https://www.instagram.com/cursosaudepublicausp?utm_source=ig_web_button_share_sheet&igsh=ZDNlZDc0MzIxNw==) ou e-mail [cursosaudepublicausp@gmail.com](mailto:cursosaudepublicausp@gmail.com)

*\*Estagiária sob supervisão de Rose Talamone*",APROVADO,"[{""rule"": ""duplicate_byline"", ""reason"": ""byline inicial repete o campo autor"", ""text"": ""Por [Vitória Gomes\\*](https://jornal.usp.br/author/vitoria-gomes/ \""Posts de Vitória Gomes*\"")""}]"
usp_news_000094,"Cinemas perdem público, mas bibliotecas e shows continuam com a mesma taxa de visitantes",Fernando Silvestre,2382,2273,109,"Por [Fernando Silvestre\*](https://jornal.usp.br/author/fernando-silvestre/ ""Posts de Fernando Silvestre*"")

A parcela da população em São Paulo que não participou de nenhuma atividade cultural cresceu de 20%, em 2018, para 26%, em 2025 – Foto: Elcio Silva

<https://jornal.usp.br/wp-content/uploads/2026/05/27-05_PANORAMA-PAULISTA_SERVICOS-CULTURAIS-1.mp3>

A pesquisa *Percepção da população sobre oferta, qualidade e uso dos serviços de cultura*, da Fundação Sistema Estadual de Análise de Dados (","A parcela da população em São Paulo que não participou de nenhuma atividade cultural cresceu de 20%, em 2018, para 26%, em 2025 – Foto: Elcio Silva

<https://jornal.usp.br/wp-content/uploads/2026/05/27-05_PANORAMA-PAULISTA_SERVICOS-CULTURAIS-1.mp3>

A pesquisa *Percepção da população sobre oferta, qualidade e uso dos serviços de cultura*, da Fundação Sistema Estadual de Análise de Dados (Seade), revela que a parcela da população em São Paulo que não participou de nenhuma atividade cultural cresc","cas pessoais e geográficas influenciaram significativamente os achados do Seade. Isso ficou bastante claro, por exemplo, em relação ao público de cinema. Enquanto na capital a proporção de frequentadores chegou a 46%, no interior não passou de 30%. Por faixa etária, a diferença foi de 63% entre jovens de 18 a 29 anos a 25% entre pessoas com 60 anos ou mais. A participação também aumentou conforme cresceu a renda familiar e a escolaridade.

\**Sob supervisão de Cinderela Caldeira e Paulo Capuzzo*","cas pessoais e geográficas influenciaram significativamente os achados do Seade. Isso ficou bastante claro, por exemplo, em relação ao público de cinema. Enquanto na capital a proporção de frequentadores chegou a 46%, no interior não passou de 30%. Por faixa etária, a diferença foi de 63% entre jovens de 18 a 29 anos a 25% entre pessoas com 60 anos ou mais. A participação também aumentou conforme cresceu a renda familiar e a escolaridade.

\**Sob supervisão de Cinderela Caldeira e Paulo Capuzzo*",APROVADO,"[{""rule"": ""duplicate_byline"", ""reason"": ""byline inicial repete o campo autor"", ""text"": ""Por [Fernando Silvestre\\*](https://jornal.usp.br/author/fernando-silvestre/ \""Posts de Fernando Silvestre*\"")""}]"
usp_news_000095,Como São Paulo tem alocado recursos para educação?​,,12020,11552,468,"## Como São Paulo tem alocado recursos para educação?

## Estudo mostra que crise fiscal e inclusão de inativos pressionaram orçamento da educação paulista entre 2013 e 2022; cortes podem afetar infraestrutura educacional em longo prazo

Publicado: 27/05/2026 às 8:00

## Texto: Sthephany Oliveira\*

## Arte: Livia Bortoletto\*\*

Análise que considerou uma década de dados mostra como a escassez de recursos, em períodos de queda de arrecadação, impacta a distribuição dos gastos – Foto: [RDNE Stoc","## Estudo mostra que crise fiscal e inclusão de inativos pressionaram orçamento da educação paulista entre 2013 e 2022; cortes podem afetar infraestrutura educacional em longo prazo

Publicado: 27/05/2026 às 8:00

## Texto: Sthephany Oliveira\*

## Arte: Livia Bortoletto\*\*

Análise que considerou uma década de dados mostra como a escassez de recursos, em períodos de queda de arrecadação, impacta a distribuição dos gastos – Foto: [RDNE Stock project / Pexels](https://images.pexels.com/photos/69","plano-nacional-de-educacao-esta-atrasado-mas-apresenta-metas-ambiciosas-e-importantes/)

---

**Política de uso**
A reprodução de matérias e fotografias é livre mediante a citação do Jornal da USP e do autor. No caso dos arquivos de áudio, deverão constar dos créditos a Rádio USP e, em sendo explicitados, os autores. Para uso de arquivos de vídeo, esses créditos deverão mencionar a TV USP e, caso estejam explicitados, os autores. Fotos devem ser creditadas como USP Imagens e o nome do fotógrafo.","nos](https://jornal.usp.br/atualidades/matriculas-da-educacao-basica-na-rede-publica-caem-em-todos-os-anos/)

## [Orçamento da Universidade para o ano de 2026 será de R$ 9,41 bilhões](https://jornal.usp.br/comunicados/orcamento-da-universidade-para-2026-sera-de-r-941-bilhoes/)

## [Novo Plano Nacional de Educação está atrasado, mas apresenta metas ambiciosas e importantes](https://jornal.usp.br/radio-usp/novo-plano-nacional-de-educacao-esta-atrasado-mas-apresenta-metas-ambiciosas-e-importantes/)",APROVADO,"[{""rule"": ""duplicate_leading_title"", ""reason"": ""primeiro bloco repete o campo titulo"", ""text"": ""## Como São Paulo tem alocado recursos para educação?""}, {""rule"": ""generic_reuse_credits"", ""reason"": ""política institucional geral após o artigo"", ""text"": ""**Política de uso**\nA reprodução de matérias e fotografias é livre mediante a citação do Jornal da USP e do autor. No caso dos arquivos de áudio, deverão constar dos créditos a Rádio USP e, em sendo explicitados, os autores. Para uso de arquivos de vídeo, esses créditos deverão mencionar a TV USP e, caso estejam explicitados, os autores. Fotos devem ser creditadas como USP Imagens e o nome do fotógrafo.""}, {""rule"": ""generic_reuse_separator"", ""reason"": ""separador do bloco institucional removido"", ""text"": ""---""}]"
usp_news_000096,Religião e ética se unem em diferentes crenças na sociedade atual,Sandra Capomaccio,1672,1575,97,"Por [Sandra Capomaccio](https://jornal.usp.br/author/scapousp-br/ ""Posts de Sandra Capomaccio"")

<https://jornal.usp.br/wp-content/uploads/2026/05/ETICA-e-POLITICA_27_MAIO_SANDRA_JANINE.mp3>

Renato Janine Ribeiro analisa a transformação das religiões nas últimas décadas, especialmente após o Concílio Vaticano II, convocado pelo Papa João XXIII, destacando a passagem de uma religiosidade centrada em dogmas e liturgias para uma visão mais ética, voltada ao bem, à solidariedade e ao diálogo entre ","<https://jornal.usp.br/wp-content/uploads/2026/05/ETICA-e-POLITICA_27_MAIO_SANDRA_JANINE.mp3>

Renato Janine Ribeiro analisa a transformação das religiões nas últimas décadas, especialmente após o Concílio Vaticano II, convocado pelo Papa João XXIII, destacando a passagem de uma religiosidade centrada em dogmas e liturgias para uma visão mais ética, voltada ao bem, à solidariedade e ao diálogo entre diferentes crenças. Janine aponta que esse movimento aproximou católicos, protestantes, judeus, m","e agnósticos nesse universo de respeito mútuo. A conclusão é que a ética se tornou o principal elo entre diferentes crenças e visões de mundo.

---

**Ética e Política**
A coluna [*Ética e Política*](https://jornal.usp.br/radio-usp/perfis/renato-janine-ribeiro/), com o professor Renato Janine Ribeiro, vai ao ar quinzenalmente, quarta-feira às 8h, na Rádio USP (São Paulo 93,7; Ribeirão Preto 107,9) e também no [Youtube](https://goo.gl/jVky8Z), com produção da Rádio USP, Jornal da USP e TV USP.

.","e agnósticos nesse universo de respeito mútuo. A conclusão é que a ética se tornou o principal elo entre diferentes crenças e visões de mundo.

---

**Ética e Política**
A coluna [*Ética e Política*](https://jornal.usp.br/radio-usp/perfis/renato-janine-ribeiro/), com o professor Renato Janine Ribeiro, vai ao ar quinzenalmente, quarta-feira às 8h, na Rádio USP (São Paulo 93,7; Ribeirão Preto 107,9) e também no [Youtube](https://goo.gl/jVky8Z), com produção da Rádio USP, Jornal da USP e TV USP.

.",APROVADO,"[{""rule"": ""duplicate_byline"", ""reason"": ""byline inicial repete o campo autor"", ""text"": ""Por [Sandra Capomaccio](https://jornal.usp.br/author/scapousp-br/ \""Posts de Sandra Capomaccio\"")""}]"
usp_news_000097,Doenças genéticas podem ser tratadas por transplante de mitocôndria,Simone Lemos,1117,1030,87,"Por [Simone Lemos](https://jornal.usp.br/author/silemusp-br/ ""Posts de Simone Lemos"")

<https://jornal.usp.br/wp-content/uploads/2026/05/FIQUE-DE-OLHO_27_MAIO_SIMONE_EDUARDO-ROCHA.mp3>

Quinze por cento das doenças genéticas mitocondriais têm origem em mutações do mtDNA e são herdadas exclusivamente da mãe, já que as mitocôndrias provêm apenas do óvulo. Dentre as doenças mitocondriais que afetam os olhos, devido às altas demandas metabólicas, temos a oftalmoplegia externa progressiva, neuropatia","<https://jornal.usp.br/wp-content/uploads/2026/05/FIQUE-DE-OLHO_27_MAIO_SIMONE_EDUARDO-ROCHA.mp3>

Quinze por cento das doenças genéticas mitocondriais têm origem em mutações do mtDNA e são herdadas exclusivamente da mãe, já que as mitocôndrias provêm apenas do óvulo. Dentre as doenças mitocondriais que afetam os olhos, devido às altas demandas metabólicas, temos a oftalmoplegia externa progressiva, neuropatia óptica de Leber e retinose pigmentar.

Uma nova abordagem promissora utiliza nanotecno","ndrias saudáveis para células afetadas, demonstrando integração funcional e melhoria da sobrevivência celular em neurônios, tecido retiniano e células cardíacas.

---

**Fique de Olho**
A coluna [Fique de Olho](https://jornal.usp.br/radio-usp/perfis/eduardo-rocha/), com o professor Eduardo Rocha, vai ao ar quinzenalmente, quarta-feira às 8h30, na Rádio USP (São Paulo 93,7; Ribeirão Preto 107,9) e também no [Youtube](https://goo.gl/cinB1P), com produção da Rádio USP, Jornal da USP e TV USP.

.

.","ndrias saudáveis para células afetadas, demonstrando integração funcional e melhoria da sobrevivência celular em neurônios, tecido retiniano e células cardíacas.

---

**Fique de Olho**
A coluna [Fique de Olho](https://jornal.usp.br/radio-usp/perfis/eduardo-rocha/), com o professor Eduardo Rocha, vai ao ar quinzenalmente, quarta-feira às 8h30, na Rádio USP (São Paulo 93,7; Ribeirão Preto 107,9) e também no [Youtube](https://goo.gl/cinB1P), com produção da Rádio USP, Jornal da USP e TV USP.

.

.",APROVADO,"[{""rule"": ""duplicate_byline"", ""reason"": ""byline inicial repete o campo autor"", ""text"": ""Por [Simone Lemos](https://jornal.usp.br/author/silemusp-br/ \""Posts de Simone Lemos\"")""}]"
usp_news_000098,Manifestação dos dirigentes da USP sobre suspensão da reunião do Conselho Universitário,,5265,5265,0,"As diretoras e os diretores de Unidades, dos Institutos Especializados e dos Museus da Universidade de São Paulo (USP), que subscrevem esta manifestação, expressam solidariedade ao magnífico reitor, prof. dr. Aluisio Segurado, à vice-reitora, profa. dra. Liedi Bernucci, e aos integrantes da mesa, diante dos fatos que levaram à suspensão da reunião do Conselho Universitário realizada na data de hoje, 26 de maio.

A vida universitária pressupõe a possibilidade de manifestação, divergência e debate","As diretoras e os diretores de Unidades, dos Institutos Especializados e dos Museus da Universidade de São Paulo (USP), que subscrevem esta manifestação, expressam solidariedade ao magnífico reitor, prof. dr. Aluisio Segurado, à vice-reitora, profa. dra. Liedi Bernucci, e aos integrantes da mesa, diante dos fatos que levaram à suspensão da reunião do Conselho Universitário realizada na data de hoje, 26 de maio.

A vida universitária pressupõe a possibilidade de manifestação, divergência e debate","o (IME)
Rodrigo Cardoso de Oliveira – Faculdade de Odontologia de Bauru (FOB)
Roseli de Deus Lopes – Instituto de Estudos Avançados (IEA)
Sérgio de Albuquerque – Faculdade de Ciências Farmacêuticas de Ribeirão Preto (FCFRP)
Tércio Ambrizzi – Instituto de Energia e Ambiente (IEE)
Thais Maria Ferreira de Souza Vieira – Escola Superior de Agricultura Luiz de Queiroz (Esalq)
Umberto Cesar Correa – Escola de Educação Física e Esporte (EEFE)
Vilanice Alves de Araujo Püschel – Escola de Enfermagem (EE)","o (IME)
Rodrigo Cardoso de Oliveira – Faculdade de Odontologia de Bauru (FOB)
Roseli de Deus Lopes – Instituto de Estudos Avançados (IEA)
Sérgio de Albuquerque – Faculdade de Ciências Farmacêuticas de Ribeirão Preto (FCFRP)
Tércio Ambrizzi – Instituto de Energia e Ambiente (IEE)
Thais Maria Ferreira de Souza Vieira – Escola Superior de Agricultura Luiz de Queiroz (Esalq)
Umberto Cesar Correa – Escola de Educação Física e Esporte (EEFE)
Vilanice Alves de Araujo Püschel – Escola de Enfermagem (EE)",APROVADO,[]
usp_news_000099,Nota dos pró-reitores da USP à comunidade acadêmica em apoio ao reitor e à vice-reitora da Universidade,,1896,1896,0,"À comunidade acadêmica da Universidade de São Paulo,

Nós, pró-reitores da USP, manifestamos nosso irrestrito apoio ao reitor prof. dr. Aluisio Cotrim Segurado e à vice-reitora profa. dra. Liedi Légi Bariani Bernucci diante dos lamentáveis episódios ocorridos na sessão do Conselho Universitário ocorrida no dia de hoje, 26 de maio. Na ocasião, a inobservância das normas regimentais de conduta e a quebra do decoro acadêmico por parte de representações discentes impediram deliberadamente a realizaç","À comunidade acadêmica da Universidade de São Paulo,

Nós, pró-reitores da USP, manifestamos nosso irrestrito apoio ao reitor prof. dr. Aluisio Cotrim Segurado e à vice-reitora profa. dra. Liedi Légi Bariani Bernucci diante dos lamentáveis episódios ocorridos na sessão do Conselho Universitário ocorrida no dia de hoje, 26 de maio. Na ocasião, a inobservância das normas regimentais de conduta e a quebra do decoro acadêmico por parte de representações discentes impediram deliberadamente a realizaç","brósio (pró-reitor) e Marie-Anne Van Sluys (pró-reitora adjunta)

Inclusão e Pertencimento: Patrícia Gama (pró-reitora) e José Ricardo de Carvalho Mesquita Ayres (pró-reitor adjunto)

Pesquisa e Inovação: Maria Helena Palucci Marziale (pró-reitora), Carlos Eduardo Pellegrino Cerri (pró-reitor adjunto de Pesquisa) e Norberto Peporine Lopes (pró-reitor adjunto de Inovação)

Cultura e Extensão Universitária: Amâncio Jorge da Silva Nunes de Oliveira (pró-reitor) e Iran Oliveira (pró-reitor adjunto).","brósio (pró-reitor) e Marie-Anne Van Sluys (pró-reitora adjunta)

Inclusão e Pertencimento: Patrícia Gama (pró-reitora) e José Ricardo de Carvalho Mesquita Ayres (pró-reitor adjunto)

Pesquisa e Inovação: Maria Helena Palucci Marziale (pró-reitora), Carlos Eduardo Pellegrino Cerri (pró-reitor adjunto de Pesquisa) e Norberto Peporine Lopes (pró-reitor adjunto de Inovação)

Cultura e Extensão Universitária: Amâncio Jorge da Silva Nunes de Oliveira (pró-reitor) e Iran Oliveira (pró-reitor adjunto).",APROVADO,[]
usp_news_000100,Mentes em Pauta #13: Entre os espaços que ocupamos e as pessoas que nos transformam,,4006,4006,0,"Para Gabriela Melo, os vínculos construídos durante a graduação funcionam como espelhos que revelam aspectos de nós mesmos que ainda desconhecemos – Foto: [Freepik](https://br.freepik.com/fotos-gratis/jovens-amigos-no-parque_3274212.htm#fromView=search&page=1&position=25&uuid=dd902452-d86a-42dc-91b3-8793467e495a&query=alunos)

<https://jornal.usp.br/wp-content/uploads/2026/05/MENTES-EM-PAUTA-EPISODIO-13-UNIVERSIDADE-INTENSIDADE-ENCONTROS-E-REALIDADE.mp3>

No terceiro episódio da entrevista com G","Para Gabriela Melo, os vínculos construídos durante a graduação funcionam como espelhos que revelam aspectos de nós mesmos que ainda desconhecemos – Foto: [Freepik](https://br.freepik.com/fotos-gratis/jovens-amigos-no-parque_3274212.htm#fromView=search&page=1&position=25&uuid=dd902452-d86a-42dc-91b3-8793467e495a&query=alunos)

<https://jornal.usp.br/wp-content/uploads/2026/05/MENTES-EM-PAUTA-EPISODIO-13-UNIVERSIDADE-INTENSIDADE-ENCONTROS-E-REALIDADE.mp3>

No terceiro episódio da entrevista com G","ongo dos anos de graduação: “A universidade é feita não apenas de disciplinas e avaliações, mas também de encontros, escolhas, vínculos e experiências que ajudam a formar profissionais e cidadãos”.

O Mentes em Pauta é uma série quinzenal da Rádio USP Ribeirão Preto sobre saúde mental na Universidade. A apresentação é de Kaio Alves, com produção do Centro de Orientação Psicológica (Copi) da USP em Ribeirão Preto e supervisão da psicóloga Edilene Bernardes. A trilha sonora também é de Kaio Alves.","ongo dos anos de graduação: “A universidade é feita não apenas de disciplinas e avaliações, mas também de encontros, escolhas, vínculos e experiências que ajudam a formar profissionais e cidadãos”.

O Mentes em Pauta é uma série quinzenal da Rádio USP Ribeirão Preto sobre saúde mental na Universidade. A apresentação é de Kaio Alves, com produção do Centro de Orientação Psicológica (Copi) da USP em Ribeirão Preto e supervisão da psicóloga Edilene Bernardes. A trilha sonora também é de Kaio Alves.",APROVADO,[]
